"","sample2","year","Row","Column","type","blk","gc","rs","depth","mass","g__Gorgomyces","g__Lacrymaria","g__Coprinopsis","g__Dactylella","g__Spencerozyma","g__Neocucurbitaria","g__Schizophyllum","g__Myrmecridium","g__Rubellisphaeria","g__Barbatosphaeria","g__Coprinus","g__Coemansia","g__Absidia","g__Calvatia","g__Geomyces","g__Deflexula","g__Rhizophagus","g__Didymosphaeria","g__Clitopilus","g__Minimedusa","g__Pseudophaeomoniella","g__Scleroderma","g__Diversispora","g__Hymenochaetopsis","g__Cephaliophora","g__Hymenoscyphus","g__Octaviania","g__Poaceascoma","g__Myxospora","g__Microdominikia","g__Microbotryozyma","g__Lenzites","g__Ophiosphaerella","g__Schizothecium","g__Yamadamyces","g__Ciliolarina","g__Scedosporium","g__Subulicystidium","g__Torula","g__Lyomyces","g__Helicosporium","g__Stagonospora","g__Phlyctochytrium","g__Kurtzmanomyces","g__Atractiella","g__Lecanicillium","g__Hyphodontia","g__Leptodiscella","g__Ramicandelaber","g__Rasamsonia","g__Nectria","g__Herpotrichia","g__Armillaria","g__Claroideoglomus","g__Gaeumannomyces","g__Bovista","g__Hyaloscypha","g__Slopeiomyces","g__Monodictys","g__Burgoa","g__Amanita","g__Fibulochlamys","g__Gongronella","g__Peniophora","g__Clarireedia","g__Puccinia","g__Talaromyces","g__Trechispora","g__Lepista","g__Kondoa","g__Diaporthe","g__Cladophialophora","g__Inocybe","g__Mycenella","g__Kockovaella","g__Gibellulopsis","g__Tilletia","g__Pseudallescheria","g__Arthrographis","g__Penicillium","g__Cordyceps","g__Dictyosporium","g__Phialemonium","g__Striatibotrys","g__Betamyces","g__Hannaella","g__Delicatula","g__Tolypocladium","g__Serendipita","g__Tetracladium","g__Parascedosporium","g__Veronaeopsis","g__Barnettozyma","g__Monocillium","g__Byssonectria","g__Colletotrichum","g__Goffeauzyma","g__Pyxidiophora","g__Tomentella","g__Chionosphaera","g__Neohelicomyces","g__Neosetophoma","g__Phaeotremella","g__Coniophora","g__Echria","g__Ustilago","g__Oehlia","g__Dichostereum","g__Serpula","g__Vermispora","g__Geastrum","g__Occultifur","g__Panaeolus","g__Basidiobolus","g__Preussia","g__Mastigobasidium","g__Ramariopsis","g__Marasmiellus","g__Sclerogaster","g__Pluteus","g__Phialocephala","g__Pseudophialophora","g__Fusicladium","g__Paraconiothyrium","g__Paracremonium","g__Cryptocoryneum","g__Saccharomyces","g__Dominikia","g__Phanerochaete","g__Cylindrosympodium","g__Bulleromyces","g__Spirosphaera","g__Ganoderma","g__Pseudombrophila","g__Grifola","g__Cryptococcus","g__Cladorrhinum","g__Gloeohypochnicium","g__Sporormia","g__Beauveria","g__Lepiota","g__Thyronectria","g__Infundichalara","g__Harzia","g__Minimelanolocus","g__Schwanniomyces","g__Conocybe","g__Pyrenophora","g__Rinaldiella","g__Neobulgaria","g__Pleotrichocladium","g__Scytalidium","g__Dictyochaeta","g__Lycoperdon","g__Magnaporthiopsis","g__Hypomyces","g__Plectosphaerella","g__Pleurotheciella","g__Vanrija","g__Simplicillium","g__Galerina","g__Waitea","g__Clathrus","g__Syncephalis","g__Nadsonia","g__Zymoseptoria","g__Claviceps","g__Atractospora","g__Staphylotrichum","g__Holtermanniella","g__Scutellinia","g__Leucosporidium","g__Lipomyces","g__Epicoccum","g__Phaeoisaria","g__Atractium","g__Sanchytrium","g__Thanatephorus","g__Albifimbria","g__Keissleriella","g__Rhizophlyctis","g__Pseudeurotium","g__Paraphaeosphaeria","g__Setophoma","g__Cylindrocarpon","g__Podospora","g__Dioszegia","g__Umbelopsis","g__Rhizoglomus","g__Clonostachys","g__Cutaneotrichosporon","g__Knufia","g__Marasmius","g__Curvibasidium","g__Sarocladium","g__Conioscypha","g__Cyphellophora","g__Septoglomus","g__Mucor","g__Chrysosporium","g__Trametes","g__Smaragdiniseta","g__Auricularia","g__Cosmospora","g__Niesslia","g__Thelonectria","g__Entoloma","g__Bifiguratus","g__Anthracocystis","g__Lophotrichus","g__Leucoagaricus","g__Pichia","g__Vishniacozyma","g__Cystofilobasidium","g__Kabatiella","g__Alatospora","g__Candida","g__Olpidium","g__Parasarocladium","g__Metapochonia","g__Botryotrichum","g__Septoria","g__Nigrospora","g__Selenophoma","g__Symmetrospora","g__Robillarda","g__Conlarium","g__Rhizoctonia","g__Angustimassarina","g__Lophiostoma","g__Cylindrocladium","g__Apodus","g__Ascobolus","g__Bannoa","g__Coniochaeta","g__Sampaiozyma","g__Pseudocosmospora","g__Westerdykella","g__Devriesia","g__Paramyrothecium","g__Geminibasidium","g__Volutella","g__Graphiola","g__Trichocladium","g__Psathyrella","g__Parathyridaria","g__Cadophora","g__Neoascochyta","g__Dactylaria","g__Acrostalagmus","g__Paraphoma","g__Scolecobasidium","g__Chaetomium","g__Articulospora","g__Glomus","g__Sporobolomyces","g__Pestalotiopsis","g__Mycoarthris","g__Metacordyceps","g__Cuniculitrema","g__Cyberlindnera","g__Hemimycena","g__Mariannaea","g__Cercophora","g__Neonectria","g__Paraglomus","g__Pseudopithomyces","g__Fusidium","g__Gliomastix","g__Periconia","g__Parafabraea","g__Pseudofabraea","g__Didymocyrtis","g__Mrakia","g__Microdochium","g__Rhodotorula","g__Pseudogymnoascus","g__Rhizophydium","g__Condenascus","g__Phaeosphaeria","g__Dichotomopilus","g__Funneliformis","g__Tausonia","g__Rachicladosporium","g__Tilletiopsis","g__Acremonium","g__Phallus","g__Trichoderma","g__Myceliophthora","g__Spiromyces","g__Naganishia","g__Bionectria","g__Filobasidium","g__Gyoerffyella","g__Metarhizium","g__Alternaria","g__Pyrenochaetopsis","g__Solicoccozyma","g__Gibberella","g__Malassezia","g__Exophiala","g__Meyerozyma","g__Saitozyma","g__Humicola","g__Neocosmospora","g__Papiliotrema","g__Dactylonectria","g__Fusarium","g__Apiotrichum","g__Mycosphaerella","g__Ilyonectria","g__Fusicolla","g__Cladosporium","g__Mortierella","g__Aspergillus"
"sfITS1","1",2019,"A",1,"soil","A","noGC","LV",0,"400",0,0,0,0,0,0,0,0,0,0,0,2,0,0,0,0,0,0,0,0,0,3,0,0,0,0,0,0,0,0,0,0,0,0,0,0,0,0,0,0,0,0,0,0,0,0,0,0,0,0,0,0,0,0,0,0,0,0,0,0,0,0,0,0,0,0,0,0,0,0,0,0,0,0,0,0,0,0,0,0,0,0,3,0,0,0,0,0,0,0,0,0,0,0,0,0,0,0,4,0,0,0,0,0,0,0,0,0,0,0,0,0,0,0,6,0,0,0,0,0,0,0,0,0,0,0,0,0,0,0,0,0,0,0,0,0,26,0,0,0,0,0,0,0,0,5,0,0,0,0,0,20,0,0,0,0,0,0,0,0,0,0,0,13,0,0,0,0,0,0,0,0,0,0,0,0,0,0,26,0,0,0,0,0,0,0,0,0,0,0,0,0,0,0,0,3,0,0,4,0,0,0,0,0,0,0,2,14,0,0,0,0,0,5,0,0,0,0,0,0,0,0,29,0,0,0,0,0,0,0,0,0,0,0,0,0,0,0,29,0,5,0,0,0,0,0,0,0,0,0,0,0,0,0,0,7,7,0,8,0,0,0,7,17,0,0,0,0,0,34,348,0,0,103,5,13,0,2,132,0,123,0,0,0,0,0,106,38,145,14,0,37,5,0,209,2,53,237,955,0,42,0,38,317,87,45,20,272,142,0,0,27,19,1411,0
"sfITS2","2",2019,"A",2,"soil","A","noGC","LV",33,"504",0,0,0,0,0,0,0,0,0,0,0,0,0,0,0,0,0,0,0,0,0,0,0,0,0,0,0,0,0,0,0,0,0,0,0,0,0,0,0,0,0,0,0,0,0,0,0,0,0,0,0,0,0,0,0,0,0,0,0,0,0,0,0,0,0,0,0,0,0,0,0,0,0,0,0,0,0,0,0,0,0,0,0,0,0,0,0,0,0,0,0,0,0,0,0,0,0,0,0,0,0,0,0,0,0,0,0,0,0,0,0,0,0,0,0,0,0,0,0,27,0,0,0,0,0,0,0,0,0,0,0,0,0,0,0,0,0,0,0,0,0,0,0,0,0,0,0,0,0,0,0,0,0,0,0,0,0,0,0,0,0,0,0,0,0,0,0,0,0,0,91,0,0,0,0,0,0,0,0,0,0,0,0,0,0,0,0,0,0,0,0,0,0,0,0,0,0,0,0,0,0,0,0,0,0,0,0,0,0,0,0,0,0,0,0,0,573,0,0,0,0,336,334,0,0,0,0,0,0,0,0,0,0,0,0,0,0,0,0,0,0,0,1150,0,0,573,0,0,0,0,0,0,0,0,0,0,0,0,0,0,950,0,0,0,0,0,0,0,0,0,932,0,0,0,0,0,0,0,223,0,147,0,0,0,0,0,0,0,0,0,0,0,138,0,0,2162,0,0,343,129,0,281,0,201,0,0,0,515,499,306,0,479,599,651,15658
"sfITS3","3",2019,"A",3,"soil","A","noGC","LV",66,"697",0,0,0,0,0,0,0,0,0,0,0,0,0,0,0,0,0,0,0,0,0,0,0,0,0,0,0,0,0,0,0,0,0,0,0,0,0,0,0,0,0,0,0,0,0,0,0,0,0,0,0,0,0,0,0,0,0,0,0,0,0,0,0,0,0,0,0,0,0,0,0,0,0,0,0,0,0,0,0,0,0,0,0,0,0,0,0,0,0,0,0,0,0,0,0,0,0,0,0,0,0,0,0,0,0,0,0,0,0,0,0,0,0,0,0,0,0,0,0,0,0,0,0,0,0,0,0,0,0,0,0,0,0,0,0,0,0,0,0,0,0,0,0,0,0,0,0,0,0,0,0,0,0,0,0,0,0,0,0,0,0,0,0,0,0,0,0,0,0,0,0,0,0,0,0,0,0,0,0,0,0,0,0,0,0,0,0,0,0,0,0,0,0,0,0,0,0,0,0,0,0,0,0,0,0,0,0,0,0,0,0,0,0,0,0,0,0,0,0,0,0,0,0,0,0,0,0,0,0,0,0,0,0,0,0,0,0,0,0,0,0,0,120,0,0,0,0,0,0,0,0,0,0,0,0,0,0,0,0,0,0,0,0,0,0,0,0,0,0,0,0,0,0,0,0,0,0,0,0,0,0,0,0,0,0,0,0,0,0,0,0,0,0,0,0,0,0,0,0,0,0,0,0,0,4682,18646,0,0,6665,0,0,0,22466,0,0
"sfITS6","6",2019,"A",6,"soil","A","GC","LV",66,"707",0,0,0,0,0,0,0,0,0,0,0,0,0,0,0,0,0,0,0,0,0,0,0,0,0,0,0,0,0,0,0,0,0,0,0,0,0,0,0,0,0,0,0,0,0,0,0,0,0,0,0,0,0,0,0,0,0,0,0,0,0,0,0,0,0,0,0,0,0,0,0,0,0,0,0,0,0,0,0,0,0,0,0,0,0,0,0,0,0,0,0,0,0,0,0,0,0,0,0,0,0,0,0,0,0,0,0,0,0,0,0,0,0,0,0,0,0,0,0,0,0,0,28,0,0,0,0,0,0,0,0,0,0,0,0,0,0,0,0,0,0,0,0,0,0,0,0,0,0,0,0,0,0,0,0,0,0,0,0,0,0,0,0,0,0,0,0,0,0,0,0,0,0,0,0,0,0,0,0,0,0,0,0,0,0,0,0,0,0,0,0,0,0,0,0,0,0,0,0,0,104,0,0,0,0,0,0,0,0,0,0,0,0,0,0,0,0,0,0,0,0,0,0,0,487,0,0,0,0,0,0,0,0,0,0,0,0,0,0,0,0,0,0,0,0,0,0,0,0,0,0,0,0,0,0,0,0,0,0,0,0,0,0,0,0,0,0,0,0,0,219,0,0,0,0,0,0,0,0,70,0,0,0,0,0,0,0,0,0,0,0,192,0,0,170,228,0,0,0,0,0,0,0,131,0,0,0,0,584,0,198,320,71,557,3490
"sfITS8","8",2019,"A",8,"soil","A","noGC","MV",33,"692",0,0,0,0,0,0,0,0,0,0,0,0,0,0,0,0,0,0,0,0,0,0,0,0,0,0,0,0,0,0,0,0,0,0,0,0,0,0,0,0,0,0,0,0,0,0,0,0,0,0,0,0,0,0,0,0,0,0,0,0,0,0,0,0,0,0,0,0,0,0,0,0,0,0,0,0,0,0,0,0,0,0,0,0,0,0,0,0,0,0,0,0,0,0,0,0,0,0,0,0,0,0,0,0,0,0,0,0,0,0,0,0,0,0,0,0,0,0,0,0,0,0,0,0,0,0,0,0,0,0,0,36,0,0,0,0,0,0,0,0,0,0,0,0,0,0,0,0,0,0,0,0,0,0,0,0,65,0,0,0,0,0,0,0,0,0,0,0,0,0,10,0,0,0,0,0,0,0,0,0,0,0,0,0,0,0,121,0,0,0,0,0,0,0,0,0,0,0,47,0,0,0,0,0,0,0,0,0,0,0,0,0,0,0,0,0,0,0,0,0,0,0,33,0,0,0,0,0,0,0,0,0,0,0,0,67,0,0,0,0,0,0,0,0,0,0,0,58,0,0,0,0,0,34,0,40,0,0,0,0,0,0,27,0,0,0,0,0,0,0,0,0,0,0,219,0,13,0,0,22,92,75,35,0,0,0,0,27,82,629,0,180,0,0,77,130,93,17,404,50,0,0,0,155,303,0,0,592,5661,0,373,1565,505,2536,289
"sfITS9","9",2019,"A",9,"soil","A","noGC","MV",66,"685",0,0,0,0,0,0,0,0,0,0,0,0,0,0,0,0,0,0,0,0,0,0,0,0,0,0,0,0,0,0,0,0,0,0,0,0,0,0,0,0,0,0,0,0,0,0,0,0,0,0,0,0,0,0,0,0,0,0,0,0,0,0,0,0,0,0,0,0,0,0,0,0,0,0,0,0,0,0,0,0,0,0,0,0,0,0,0,0,0,0,0,0,0,0,0,0,0,0,0,0,0,0,0,0,0,0,0,0,0,0,0,0,0,0,0,0,0,0,0,0,0,0,0,0,0,0,0,0,0,0,0,0,0,0,0,0,0,0,0,0,0,0,0,0,0,0,0,0,0,0,0,0,0,0,0,0,0,0,0,0,0,0,0,0,0,0,0,0,0,0,0,0,0,0,0,0,0,0,0,0,0,0,0,0,0,0,0,0,0,0,0,0,0,0,0,0,0,0,0,0,0,0,0,0,0,0,0,0,0,0,0,0,0,0,0,0,0,0,0,0,0,0,0,0,0,0,0,0,0,0,0,0,0,0,0,0,0,0,0,0,0,0,0,0,0,0,0,0,0,0,0,0,0,0,0,0,0,0,0,0,0,0,0,0,0,0,0,0,0,0,0,0,0,0,0,0,0,0,0,0,0,0,0,0,3981,0,0,0,0,0,0,0,0,0,0,0,0,0,0,1350,0,0,0,0,0,0,0,0,5605,0,0,0,0,0,0
"sfITS10","10",2019,"A",10,"soil","A","GC","MV",0,"738",0,0,0,0,0,0,0,0,0,0,0,0,0,0,0,0,0,0,0,0,0,0,0,0,0,0,0,0,0,0,0,0,0,0,0,0,0,0,0,0,0,0,0,0,0,0,2,0,0,0,0,0,0,0,0,0,0,0,0,0,0,0,0,0,0,0,0,0,0,0,0,0,0,0,0,0,0,0,0,0,0,0,0,0,0,0,0,0,0,0,0,0,0,0,0,0,0,0,0,0,0,0,0,0,0,0,0,0,0,0,0,0,0,0,7,0,0,0,0,0,0,0,0,0,0,0,0,0,0,0,0,0,0,0,0,0,0,0,0,0,0,0,0,0,0,0,0,0,0,0,0,0,0,0,0,0,0,0,0,0,0,0,0,0,0,0,0,0,0,0,0,0,0,0,0,0,0,0,0,0,0,0,0,0,0,0,0,0,0,0,0,0,0,0,0,0,0,0,0,0,0,0,0,0,0,0,0,0,0,0,0,0,0,0,0,0,0,0,0,0,0,0,0,0,0,26,0,0,0,0,0,0,0,0,6,0,0,0,0,0,0,0,0,0,0,0,0,0,0,0,0,0,0,0,0,0,45,0,0,0,0,0,0,0,10,0,0,0,0,86,7,0,0,0,0,0,0,0,0,4,106,0,2,0,0,0,0,0,174,3,0,0,0,0,114,0,5,7,126,0,10,0,8,355,84,9,0,0,262,0,6,32,0,555,0
"sfITS11","11",2019,"A",11,"soil","A","GC","MV",33,"702",0,0,0,0,0,0,0,0,0,0,0,0,0,0,0,0,0,0,0,0,0,0,0,0,0,0,0,0,0,0,0,0,0,0,0,0,0,0,0,0,0,0,0,0,0,0,0,0,0,0,0,0,0,0,0,0,0,0,0,0,0,0,0,0,0,0,0,0,0,0,0,0,0,0,0,0,0,0,0,0,0,0,0,0,0,0,0,0,0,0,0,0,0,0,0,0,0,0,0,0,0,0,0,0,0,0,0,0,0,0,0,0,0,0,0,0,0,0,0,0,0,0,0,0,0,0,0,0,0,0,0,0,0,0,0,0,0,0,0,0,0,0,0,0,0,0,0,0,0,0,0,0,0,0,0,0,70,0,0,0,0,0,0,0,0,0,0,0,0,0,0,0,0,0,0,0,0,0,0,0,0,0,0,0,0,0,0,0,0,0,0,0,0,0,0,0,0,0,0,0,0,0,0,0,0,0,0,0,0,0,0,0,0,0,0,0,0,0,0,0,0,0,0,0,0,0,0,0,0,0,0,0,0,0,0,0,0,0,0,0,0,0,0,0,0,0,0,0,0,0,0,0,0,0,0,0,0,0,0,0,0,0,0,0,0,0,0,0,0,0,0,0,0,0,0,0,0,0,0,0,0,0,0,0,0,0,0,0,0,0,0,0,0,0,0,0,0,0,0,0,0,13903,0,0,0,0,0,0,0,0,0,0,0,0,0
"sfITS12","12",2019,"A",12,"soil","A","GC","MV",66,"760",0,0,0,0,0,0,0,0,0,0,0,0,0,0,0,0,0,0,0,0,0,0,0,0,0,0,0,0,0,0,0,0,0,0,0,0,0,0,0,0,0,0,0,0,0,0,0,0,0,0,0,0,0,0,0,0,0,0,0,0,0,0,0,0,0,0,0,0,0,0,0,0,0,0,0,0,0,0,0,0,0,0,0,0,0,0,0,0,0,0,0,0,0,0,0,0,0,0,0,0,0,0,0,0,0,0,0,0,0,0,0,0,0,0,0,0,0,0,0,0,0,0,0,0,0,0,0,0,0,0,0,0,0,0,0,0,0,0,0,0,0,0,0,0,0,0,0,0,0,0,0,0,0,0,0,0,0,0,0,0,0,0,0,0,0,0,0,0,0,0,0,0,0,0,0,0,0,0,0,0,0,0,0,0,0,0,0,0,0,0,0,0,0,0,0,0,0,0,0,0,0,0,0,0,0,0,0,0,0,0,0,0,0,0,0,0,0,0,0,0,0,0,0,0,0,0,0,0,0,0,0,0,0,0,0,0,0,0,0,0,0,0,0,0,0,0,0,0,0,0,0,0,0,0,0,0,0,0,0,0,0,949,0,0,0,0,0,0,0,0,0,0,0,0,0,0,0,0,0,0,0,0,0,0,0,0,0,0,0,0,0,0,0,0,0,0,0,0,0,0,0,0,0,0,0,0,0,0,10114,8036,0,0,0,13839,0
"sfITS13","13",2019,"B",1,"soil","B","GC","LV",0,"724",0,0,0,0,0,0,0,0,0,2,2,0,0,0,0,0,0,0,0,0,0,0,2,0,0,0,4,4,0,0,0,0,0,0,0,0,0,0,0,0,0,0,0,0,0,0,0,0,0,0,0,0,0,0,0,0,0,0,0,0,0,0,0,0,0,0,0,0,0,0,0,0,0,0,0,0,0,0,0,0,0,0,0,0,0,0,0,0,0,0,0,0,0,0,0,0,0,0,0,0,0,0,0,0,0,3,0,0,0,0,0,0,5,0,0,0,0,0,0,0,0,0,0,0,0,0,0,0,0,0,0,0,0,0,0,0,0,0,0,0,0,0,0,4,0,0,0,0,0,0,0,12,0,0,0,0,0,0,0,0,0,0,0,16,0,0,0,0,0,3,0,0,7,0,0,0,0,0,0,0,0,7,0,0,11,23,0,3,0,0,0,0,0,0,0,0,0,0,0,6,0,0,0,0,0,5,2,29,0,2,0,0,0,0,0,0,0,0,0,0,0,0,0,0,0,0,0,0,0,0,0,0,0,15,32,0,0,0,0,0,31,0,0,13,0,0,0,0,0,0,0,0,0,0,0,0,0,0,26,0,3,0,13,9,0,15,0,0,0,163,32,0,0,0,8,0,0,0,0,9,378,0,5,0,0,11,0,53,567,9,0,75,0,0,471,0,42,46,180,0,17,0,57,805,398,128,0,627,1056,0,30,52,3,3321,32
"sfITS16","16",2019,"B",4,"soil","B","noGC","LV",0,"708",0,0,0,0,0,0,0,0,0,0,0,0,0,0,0,0,0,0,0,0,0,0,0,0,0,0,0,0,0,0,0,0,0,0,0,0,0,0,0,0,0,0,0,0,0,0,0,0,0,0,0,0,0,0,0,0,0,0,0,0,0,0,0,0,0,0,0,0,0,0,0,0,0,0,0,0,0,0,0,0,0,0,0,0,0,0,0,0,0,0,0,0,0,0,0,0,0,4,0,0,0,0,0,0,0,7,0,0,0,0,0,0,0,0,10,0,0,0,0,0,0,0,0,0,0,0,0,0,0,0,0,0,0,0,0,0,0,0,0,0,0,0,0,0,0,0,0,0,0,0,0,10,0,0,0,0,0,0,0,0,0,0,0,15,0,0,0,0,0,0,0,0,0,0,0,0,0,0,0,0,5,7,12,0,0,0,0,0,0,0,0,0,0,0,0,0,0,0,0,0,0,0,0,0,0,9,0,0,0,0,0,0,6,0,0,0,0,0,0,0,0,0,0,0,0,0,0,0,0,0,0,0,0,8,26,0,0,0,4,0,0,0,0,0,0,0,0,0,0,0,0,0,0,0,0,0,0,0,19,0,0,0,23,14,0,0,0,0,0,62,264,0,0,30,9,8,0,0,103,5,270,0,5,0,0,0,148,23,378,2,0,38,10,0,388,0,22,43,595,0,13,0,99,744,272,152,0,203,804,0,23,60,15,1215,0
"sfITS17","17",2019,"B",5,"soil","B","noGC","LV",33,"740",0,0,0,0,0,0,0,0,0,0,0,0,0,0,0,0,0,0,0,0,0,0,0,0,0,0,0,0,0,0,0,0,0,0,0,0,0,0,0,0,0,0,0,0,0,0,0,0,0,0,0,0,0,0,0,0,0,0,0,0,0,0,0,0,0,0,0,0,0,0,0,0,0,0,0,0,0,0,0,0,0,0,0,0,0,0,0,0,0,0,0,0,0,0,0,0,0,0,0,0,0,0,0,0,0,0,0,0,0,0,0,0,0,0,0,0,0,0,0,0,0,0,0,0,0,0,32,0,0,0,0,0,0,0,0,0,0,0,0,0,0,0,0,0,0,0,0,0,0,0,0,0,0,0,0,0,0,0,0,0,0,0,0,0,0,0,0,0,0,0,0,0,0,0,0,0,0,0,0,0,0,0,0,0,0,0,0,0,0,0,0,0,0,0,0,0,0,0,0,0,0,0,0,0,0,0,0,0,0,0,0,0,0,0,0,0,0,0,0,0,0,0,0,0,0,0,0,0,0,0,0,0,0,0,0,0,0,0,0,0,0,0,0,0,0,0,0,0,0,0,0,0,0,0,0,0,0,0,0,0,0,0,0,0,0,0,0,0,0,0,0,0,0,0,0,0,0,0,0,0,0,0,0,0,0,0,0,0,0,0,0,0,5005,0,0,0,0,0,0,18741,0,0,0,0,0,0,0,5884,0,7639,0,0,123,0,37584
"sfITS18","18",2019,"B",6,"soil","B","noGC","LV",66,"762",0,0,0,0,0,0,0,0,0,0,0,0,0,0,0,0,0,0,0,0,0,0,0,0,0,0,0,0,0,0,0,0,0,0,0,0,0,0,0,0,0,0,0,0,0,0,0,0,0,0,0,0,0,0,0,0,0,0,0,0,0,0,0,0,0,10,0,0,0,0,0,0,0,0,0,0,0,0,0,0,0,0,0,0,0,0,0,0,0,0,0,0,0,0,0,0,0,0,0,0,0,0,0,0,0,0,0,0,0,0,0,0,0,0,0,0,0,0,0,0,0,0,0,0,0,0,0,0,0,0,0,0,0,0,0,0,0,0,0,0,0,0,0,0,0,0,0,0,0,0,0,0,0,0,0,0,0,0,0,0,0,0,0,0,0,0,0,0,0,0,0,0,0,0,0,0,0,0,0,0,0,0,0,0,0,0,0,0,0,0,0,0,0,0,0,0,0,0,0,0,0,0,0,0,0,0,0,0,0,0,0,0,0,0,0,0,0,0,0,0,0,0,0,0,0,0,0,0,0,0,0,0,0,0,0,0,0,0,0,0,0,0,0,0,0,0,0,0,0,0,0,0,0,0,0,0,0,0,0,0,0,0,0,0,0,0,0,0,0,0,0,0,0,0,0,0,0,0,0,0,1680,0,0,3540,0,0,0,0,0,0,0,0,0,0,0,0,0,0,0,0,0,0,0,0,0,0,0,3,0,0,0,0,3551,0,18575
"sfITS19","19",2019,"B",7,"soil","B","noGC","MV",0,"744",0,0,0,0,0,0,0,0,0,0,0,0,0,0,0,0,0,0,0,0,0,0,0,0,0,0,0,0,0,0,0,0,0,0,0,0,0,0,0,0,0,0,0,0,0,0,0,0,0,0,0,0,0,0,0,0,0,0,0,0,0,0,0,0,0,0,0,0,0,0,0,0,0,0,0,0,0,12,0,0,0,0,0,0,0,0,0,0,0,0,0,0,0,0,0,0,0,0,0,0,0,0,0,0,0,0,0,0,0,0,0,0,0,0,0,0,0,0,0,0,0,2,0,0,0,0,0,0,0,0,0,0,0,0,0,0,0,0,0,0,0,0,0,0,0,0,0,0,0,0,0,0,0,0,0,0,0,0,0,0,0,0,0,0,0,0,0,0,0,0,0,0,0,0,0,0,0,0,0,0,0,0,0,0,0,0,0,0,0,0,0,0,0,0,0,0,0,0,0,0,0,0,0,0,0,0,0,5,0,0,0,0,0,0,0,0,0,0,0,0,0,0,0,0,0,0,0,0,0,0,0,0,0,0,16,0,0,0,0,0,0,0,0,4,0,0,0,0,0,0,0,0,0,0,0,0,0,0,0,0,0,49,0,0,0,0,0,0,0,0,121,0,0,0,4,0,2,0,0,0,162,0,0,0,0,3,5,10,213,5,0,0,0,0,203,0,6,0,91,0,0,0,24,275,41,15,0,29,1031,0,0,127,0,1002,0
"sfITS20","20",2019,"B",8,"soil","B","noGC","MV",33,"762",0,0,0,0,0,0,0,0,0,0,0,0,0,0,0,0,0,0,0,0,0,0,0,0,0,0,0,0,0,0,0,0,0,0,0,0,0,0,0,0,0,0,0,0,0,0,0,0,0,0,0,0,0,0,0,0,0,0,0,0,0,0,0,0,0,0,0,0,0,0,0,0,0,0,0,0,0,0,0,0,0,0,0,0,0,0,0,0,0,0,0,0,0,0,0,0,0,0,0,0,0,0,0,0,0,0,0,0,0,0,0,0,0,0,0,0,0,0,0,0,0,0,0,0,0,0,0,0,0,0,0,0,0,0,0,0,0,0,0,0,0,0,0,0,0,0,0,0,0,0,0,0,0,0,0,0,0,0,0,0,0,0,0,0,0,0,0,0,0,0,0,0,0,0,0,0,0,0,0,0,0,0,0,0,0,0,0,0,0,0,0,0,0,0,0,0,0,0,0,0,0,0,0,0,0,0,0,0,0,0,0,0,0,0,0,0,0,0,0,0,0,0,0,0,0,0,0,0,0,0,0,0,0,0,0,0,0,0,0,0,0,0,0,0,0,0,0,0,0,0,0,0,0,0,0,0,0,0,0,0,0,0,0,0,0,0,0,0,0,0,0,0,0,0,0,0,0,0,0,0,0,0,0,0,0,0,0,0,0,0,0,0,0,0,0,0,0,0,0,0,0,0,0,0,0,0,0,0,0,0,0,0,0,0,0
"sfITS22","22",2019,"B",10,"soil","B","GC","MV",0,"44",0,0,0,0,0,0,0,0,0,0,0,0,0,0,0,0,0,0,0,0,0,0,0,0,0,0,0,0,0,0,0,0,0,0,0,0,0,0,0,0,0,0,0,0,0,0,0,0,0,0,0,0,0,0,0,0,0,0,0,9,0,0,0,0,0,0,0,0,0,0,0,0,0,0,0,0,0,0,0,0,0,0,0,0,0,0,0,0,0,0,0,0,0,0,0,0,0,0,0,0,0,0,0,0,0,0,0,0,0,0,0,0,10,0,0,0,0,0,0,0,0,2,0,0,0,0,0,0,0,0,0,0,0,0,0,0,0,0,0,0,0,0,0,0,0,0,0,0,0,0,0,0,0,0,0,0,0,0,0,0,0,0,0,0,0,0,0,0,0,0,12,0,0,0,5,0,0,0,0,0,0,0,0,0,0,0,0,0,0,0,0,0,0,0,0,3,0,0,4,0,0,0,0,0,0,7,0,0,0,0,0,8,0,0,0,0,0,0,0,0,0,0,0,0,0,7,0,0,0,0,0,0,0,6,0,0,0,0,0,0,8,0,0,2,2,0,0,0,0,0,0,0,4,0,0,3,0,15,0,0,0,0,11,0,0,0,0,0,0,47,54,0,0,261,8,6,0,2,0,0,95,0,4,0,0,14,15,0,0,11,0,0,4,0,106,0,18,23,1354,0,0,0,30,184,53,37,0,144,2172,0,0,31,10,1343,0
"sfITS24","24",2019,"B",12,"soil","B","GC","MV",66,"725",0,0,0,0,0,0,0,0,0,0,0,0,0,0,0,0,0,0,0,0,0,0,0,0,0,0,0,0,0,0,0,0,0,0,0,0,0,0,0,0,0,0,0,0,0,0,0,0,0,0,0,0,0,0,0,0,0,0,0,0,0,0,0,0,0,0,0,0,0,0,0,0,0,0,0,0,0,0,0,0,0,0,0,0,0,0,0,0,0,0,0,0,0,0,0,0,0,0,0,0,0,19,0,0,0,0,0,0,0,0,0,0,0,0,0,0,0,0,0,0,0,0,0,0,0,0,0,0,0,0,0,0,0,0,0,0,0,0,0,0,0,0,0,0,0,0,0,0,0,0,0,0,0,0,0,0,0,0,0,0,0,0,0,0,0,0,0,0,0,0,0,0,0,0,0,0,0,0,0,0,0,0,0,0,0,0,0,0,0,0,0,0,0,0,0,0,0,0,0,0,0,0,0,0,0,0,0,0,0,0,0,0,0,0,0,0,0,0,0,0,0,0,0,0,0,0,0,0,0,0,0,0,0,0,0,0,0,0,0,0,0,0,0,0,0,0,0,0,0,0,0,0,0,0,0,0,0,0,0,0,0,0,0,0,0,0,0,0,1598,0,0,0,0,0,0,0,0,0,0,0,0,0,0,0,0,0,0,0,0,0,0,0,0,0,0,0,0,0,0,0,0,0,0,0,0,0,0,0,0,0,0,0,0,0,0
"sfITS25","25",2019,"C",1,"soil","C","noGC","MV",0,"766",0,0,0,0,0,0,0,0,0,0,0,0,0,0,0,0,0,0,0,0,0,0,0,0,0,0,3,0,0,0,0,0,0,0,0,0,0,0,0,0,0,0,0,0,0,0,0,0,0,0,0,0,0,0,0,0,0,0,0,0,0,0,0,0,0,0,0,0,0,0,0,0,0,0,0,0,0,0,0,0,0,0,0,0,0,0,0,0,0,0,0,0,0,0,0,0,0,0,0,0,0,0,0,0,0,2,0,0,0,0,0,0,0,0,4,0,0,0,0,0,0,0,0,0,0,0,0,0,0,0,0,0,0,0,0,0,0,0,13,0,0,0,0,0,0,0,0,0,0,0,0,10,0,2,5,0,0,0,0,0,0,0,0,8,0,0,0,0,0,2,0,0,4,0,0,0,0,0,0,0,0,0,0,0,0,0,0,0,0,10,0,0,0,0,0,0,0,4,0,0,0,0,0,0,0,4,0,7,0,0,0,0,0,3,0,0,0,24,0,0,0,0,5,0,0,0,0,0,0,0,0,0,0,0,21,0,0,6,25,0,4,0,0,8,2,0,0,0,0,0,0,0,0,0,0,0,0,26,23,0,0,0,26,6,0,0,32,0,0,39,24,0,0,122,0,0,0,3,394,0,116,0,0,0,0,8,14,0,262,6,0,93,0,0,296,0,16,110,575,0,57,0,96,606,246,101,0,73,463,0,174,77,15,922,31
"sfITS28","28",2019,"C",4,"soil","C","GC","MV",0,"732",0,0,0,0,0,0,0,0,0,0,0,0,0,0,0,0,0,0,0,0,0,0,0,0,0,0,0,0,0,0,0,0,0,0,0,0,0,0,0,0,0,0,0,0,0,0,0,0,0,0,0,0,0,0,0,0,0,0,0,0,0,0,0,0,0,0,0,0,0,0,0,0,0,0,0,0,0,0,0,0,0,0,7,0,0,0,0,0,0,0,0,0,0,0,0,0,0,0,0,0,0,0,0,0,0,0,0,0,0,0,0,0,5,0,0,0,0,0,0,0,0,0,0,0,0,0,0,0,0,0,0,0,0,0,0,0,0,0,0,0,0,0,0,0,0,0,0,0,0,0,0,0,0,0,0,0,0,0,0,3,0,0,0,12,0,0,0,0,0,0,0,0,0,0,0,0,0,0,0,0,0,0,0,0,0,0,0,0,0,0,0,0,0,0,0,0,0,0,0,0,0,0,0,0,0,0,0,0,0,0,0,0,0,0,0,0,0,0,0,0,0,0,0,0,0,0,0,0,0,0,0,0,0,3,38,0,0,6,0,0,0,0,0,0,0,0,0,0,0,0,0,0,0,0,0,0,0,7,15,0,0,0,51,0,0,16,0,0,0,77,10,0,0,0,50,0,0,0,0,2,163,0,0,0,0,2,5,56,283,2,0,81,0,0,384,0,16,7,132,0,0,0,45,698,516,9,0,361,375,0,0,49,6,1149,11
"sfITS31","31",2019,"C",7,"soil","C","noGC","LV",0,"748",0,0,0,0,0,0,0,0,2,0,0,0,0,0,0,0,0,0,0,3,3,0,0,0,0,0,0,0,0,0,0,0,0,0,0,0,0,0,0,0,0,0,0,0,0,0,0,0,0,0,0,0,0,0,0,0,0,0,0,0,0,0,0,0,0,0,0,0,0,0,0,0,0,0,0,0,0,0,0,0,0,0,0,0,0,0,0,0,0,0,0,0,0,0,0,16,0,0,0,0,0,0,0,0,0,6,0,0,0,0,2,0,0,0,0,0,0,0,4,0,0,0,0,0,0,0,0,0,0,0,0,0,0,0,0,0,0,0,5,0,0,0,0,0,0,0,0,0,0,0,0,0,0,0,0,0,0,0,0,0,0,0,0,0,0,0,0,0,8,5,0,0,0,0,0,0,0,0,0,0,0,4,0,0,0,0,0,0,0,0,0,0,0,0,0,0,0,0,0,0,0,0,0,0,0,0,0,0,0,0,0,0,0,0,0,0,0,0,0,0,0,0,0,0,0,0,0,0,0,0,0,0,5,0,51,0,0,0,4,0,0,0,0,0,0,0,0,0,0,0,0,0,0,0,0,0,0,0,22,0,0,0,34,0,0,0,0,0,0,20,772,0,0,7,0,0,0,0,39,7,194,0,0,0,0,0,11,41,209,16,0,0,0,0,612,0,11,18,56,0,13,0,27,631,325,10,0,227,434,0,30,47,4,2415,4
"sfITS32","32",2019,"C",8,"soil","C","noGC","LV",33,"754",0,0,0,0,0,0,0,0,0,0,0,0,0,0,0,0,0,0,0,0,0,0,0,0,0,0,0,0,0,0,0,0,0,0,0,0,0,0,0,0,0,0,0,0,0,0,0,0,0,0,0,0,0,0,0,0,0,0,0,0,0,0,0,0,0,0,0,0,0,0,0,0,0,0,0,0,0,0,0,0,0,0,0,0,0,0,0,0,0,0,0,0,0,0,0,0,0,0,0,0,0,0,0,0,0,0,0,0,0,0,0,0,0,0,0,0,0,0,0,0,0,0,0,0,0,0,0,0,0,0,0,0,0,0,0,0,0,0,0,0,0,0,0,0,0,0,0,0,0,0,0,0,0,0,0,0,0,0,0,0,0,0,0,0,0,0,0,0,0,0,0,0,0,0,0,0,0,0,0,0,0,0,0,0,0,0,0,0,0,0,0,0,157,0,0,0,153,0,16,0,0,0,0,0,0,0,0,0,0,0,0,0,0,0,201,0,0,0,0,0,0,0,0,0,0,0,0,0,0,0,0,0,0,0,0,0,0,0,260,0,0,263,0,0,0,0,0,198,0,0,0,567,0,230,0,0,467,0,0,844,0,0,0,0,0,0,317,0,0,0,58,418,0,0,0,0,144,0,345,686,267,0,0,0,0,0,0,0,0,0,0,454,1578,0,0,0,1304,0,0,0,218,0,589,787,0,0,0,980,0,346,0,0,1673,8889,654
"sfITS33","33",2019,"C",9,"soil","C","noGC","LV",66,"683",0,0,0,0,0,0,0,0,0,0,0,0,0,0,0,0,0,0,0,0,0,0,0,0,0,0,0,0,0,0,0,0,0,0,0,0,0,0,0,0,0,0,0,0,0,0,0,0,0,0,0,0,0,0,0,0,0,0,0,0,0,0,0,0,0,0,0,0,0,0,0,0,0,0,0,0,0,0,0,0,0,0,0,0,0,0,0,0,0,0,0,0,0,0,0,0,0,0,0,0,0,0,0,0,0,0,0,0,0,0,0,0,0,0,0,0,0,0,0,0,0,0,0,0,0,0,0,0,0,0,0,0,0,0,0,0,0,0,0,0,0,0,0,0,0,0,0,0,0,0,0,0,0,0,0,0,0,0,0,0,0,0,0,0,0,0,0,0,0,0,0,0,0,0,0,0,0,0,0,0,0,0,0,0,0,0,0,0,0,0,0,0,0,0,0,0,0,0,0,0,0,0,0,0,0,0,0,0,0,0,0,0,0,0,0,0,0,0,0,0,0,0,0,0,0,0,0,0,0,0,0,0,0,0,0,0,0,0,0,0,0,0,0,0,0,0,0,0,0,0,0,0,0,0,0,0,0,0,0,0,0,0,0,0,0,0,0,0,0,0,0,0,0,0,0,0,0,0,0,0,0,0,0,0,0,0,0,0,0,0,6591,0,0,0,0,0,0,0,0,7653,0,0,0,0,0,0,0,4053,0,2690,0,0,0,0,0
"sfITS34","34",2019,"C",10,"soil","C","GC","LV",0,"695",0,0,0,0,0,0,0,0,0,0,0,0,0,0,0,0,0,0,0,0,0,0,0,0,0,0,0,0,0,0,0,0,0,0,0,0,0,0,0,0,0,0,0,0,0,0,0,0,0,0,0,0,0,0,0,0,0,0,9,0,0,0,0,0,0,0,0,0,0,0,0,0,0,0,0,0,0,0,0,0,0,0,0,0,3,0,0,0,0,0,0,0,0,0,0,0,0,0,0,0,0,0,0,0,0,0,0,0,0,0,0,0,0,0,0,0,0,0,0,0,0,0,0,0,0,0,0,0,0,0,0,0,0,0,0,0,0,0,0,0,0,0,0,0,0,0,0,0,0,0,0,0,0,0,3,0,0,0,0,0,0,0,0,0,0,0,0,0,0,0,0,0,0,0,0,0,0,0,0,0,0,0,0,0,0,0,0,0,0,0,0,0,0,0,0,0,0,20,0,0,0,0,0,0,0,0,0,0,0,0,0,0,0,0,0,0,0,0,0,0,0,0,3,0,0,0,0,0,0,0,0,0,0,0,16,0,0,0,4,0,0,0,0,0,0,0,0,0,0,0,0,0,0,0,0,0,0,6,0,0,0,0,19,0,0,0,0,0,0,97,0,0,0,7,0,0,0,0,0,0,164,0,0,0,0,4,3,88,177,11,0,50,0,0,233,0,6,0,0,0,10,0,20,616,396,0,0,0,574,0,26,0,0,980,0
"sfITS35","35",2019,"C",11,"soil","C","GC","LV",33,"774",0,0,0,0,0,0,0,0,0,0,0,0,0,0,0,0,0,0,0,0,0,0,0,0,0,0,0,0,0,0,0,0,0,0,0,0,0,0,0,0,0,0,0,0,0,0,0,0,0,0,0,0,0,0,0,0,0,0,0,0,0,0,0,0,0,0,0,0,0,0,0,0,0,0,0,0,0,0,0,0,0,0,0,0,0,0,0,0,0,0,0,0,0,0,0,0,0,0,0,0,0,0,0,0,0,0,0,0,0,0,0,0,0,0,0,0,0,0,0,0,0,0,0,0,0,0,0,0,0,0,0,0,0,0,0,0,0,0,0,0,0,0,0,0,0,0,0,0,0,0,0,0,0,0,0,0,0,0,0,0,0,0,81,0,0,0,0,0,0,0,0,0,0,0,0,0,0,0,0,0,0,0,0,0,0,0,0,0,0,0,0,0,0,0,0,0,0,0,0,0,0,0,0,0,0,0,0,0,0,0,0,0,0,0,0,0,0,0,0,0,0,0,0,0,0,0,0,0,0,0,0,0,0,0,0,0,0,0,0,0,0,0,0,0,0,0,0,0,0,0,0,0,0,0,0,0,0,0,0,0,0,0,0,0,0,0,0,0,0,0,0,0,0,0,0,0,0,0,0,0,0,0,0,0,0,0,0,0,0,0,0,0,0,0,0,452,0,0,0,0,0,1582,0,0,0,0,0,0,0,0,0,0,0,0,0
"sfITS37","37",2019,"D",1,"fescue","A","GC","LV",0,"925",0,0,0,0,0,0,0,0,0,0,0,0,0,0,0,0,0,0,0,0,0,0,0,0,0,0,0,0,0,0,0,0,0,0,0,0,0,0,0,0,0,0,0,0,0,0,0,0,0,0,0,0,0,0,0,0,0,0,0,0,0,0,0,0,0,0,0,0,0,0,0,0,0,0,0,0,0,0,0,0,0,0,0,0,0,0,0,0,0,0,0,0,0,0,0,0,0,0,0,0,0,0,0,0,0,0,0,0,0,0,0,0,0,0,0,0,0,0,0,0,0,0,0,0,0,0,0,0,0,0,0,0,0,0,0,0,0,0,0,0,0,0,0,0,0,0,0,0,0,0,0,0,0,5,29,0,0,0,0,0,0,0,0,0,0,0,0,0,0,0,0,0,0,0,0,0,0,0,0,0,0,0,0,0,0,0,0,0,0,0,0,0,0,0,0,0,0,0,0,0,0,0,0,0,0,0,0,0,0,0,0,0,0,0,0,0,0,0,0,0,0,0,0,0,0,0,0,0,0,0,0,0,0,0,0,0,0,0,0,0,3,0,0,0,0,0,0,0,0,0,0,0,0,9,0,0,16,0,0,0,0,0,0,0,0,0,0,0,0,35,7,0,0,29,6,5,0,0,0,0,0,0,0,0,0,45,0,0,0,67,0,0,0,0,4,9,214,5,102,0,0,0,11,0,0,9,0,73,31,0,0,21,13,9583,0
"sfITS38","38",2019,"D",2,"fescue","A","GC","LV",33,"750",0,0,0,0,0,0,2,2,0,0,0,0,0,0,0,0,0,0,0,0,0,0,0,0,0,0,0,0,0,0,0,0,0,0,5,0,0,0,0,0,0,0,0,0,0,0,0,0,0,0,0,0,0,0,0,0,0,0,0,0,0,0,0,0,0,0,0,0,0,0,0,0,0,0,0,0,3,0,0,0,0,0,0,0,9,0,0,0,0,0,0,0,2,0,0,0,0,0,0,0,3,0,0,0,0,0,0,0,0,0,0,0,0,0,9,0,0,0,0,0,0,0,0,0,0,0,0,0,0,0,0,0,0,0,0,0,0,0,0,0,0,0,0,0,0,0,0,0,0,0,0,0,0,3,0,0,0,3,0,0,0,0,0,0,0,0,0,0,0,0,0,0,0,0,4,0,0,0,0,0,0,13,0,0,0,0,0,0,0,0,0,0,0,0,27,0,0,0,0,0,0,0,0,0,0,0,0,0,6,0,24,0,5,0,0,0,0,0,17,0,0,0,0,0,3,0,0,0,0,0,0,0,0,3,0,5,0,0,0,0,13,0,0,14,0,0,0,0,0,0,9,0,82,20,0,69,18,0,7,34,0,0,0,36,0,27,0,17,0,9,5,0,0,28,17,23,31,3,0,0,0,0,49,0,0,11,0,28,0,12,0,0,74,31,4,64,184,158,93,0,94,0,269,245,0,11,30,222,154,0,16,140,148,2020,34
"sfITS39","39",2019,"D",3,"fescue","A","GC","MV",0,"944",0,0,0,0,0,0,0,0,0,0,0,0,0,0,0,0,0,0,0,0,0,0,0,0,0,0,0,0,0,0,0,0,0,0,0,0,0,0,0,0,0,0,6,10,0,0,0,0,0,0,0,0,0,0,3,0,0,0,0,0,0,0,0,0,0,0,0,0,0,0,0,0,0,0,0,0,0,0,0,0,0,0,0,0,0,0,0,0,0,0,0,0,0,0,0,0,0,0,0,0,0,0,0,0,0,0,0,0,0,0,0,0,0,0,0,0,0,0,0,0,0,0,0,0,0,0,0,0,0,0,0,0,0,0,0,0,13,0,0,0,0,0,0,0,0,0,0,0,0,0,0,0,0,0,18,0,0,0,0,0,0,0,0,0,0,0,0,0,0,3,0,2,0,0,0,0,0,0,0,0,0,0,0,9,0,0,0,0,0,0,0,0,0,0,0,0,0,0,0,0,0,0,0,0,0,0,0,0,0,0,0,0,10,10,0,0,0,0,23,0,0,0,10,0,0,15,0,0,0,6,0,0,0,8,4,0,0,0,0,39,0,0,0,5,0,0,0,61,0,0,0,0,0,64,0,132,116,0,21,0,0,0,0,0,0,0,0,0,0,74,0,0,0,4,29,117,0,0,0,172,63,0,0,0,0,2,0,0,0,128,0,0,1054,0,26,76,567,18,122,0,0,0,34,134,0,16,0,322,47,13,31,0,277,1396,0
"sfITS40","40",2019,"D",4,"fescue","A","GC","MV",33,"591",0,0,0,0,0,0,0,0,0,0,0,0,0,0,0,0,0,0,3,0,0,0,0,0,0,0,0,0,0,0,0,0,0,5,0,0,0,0,0,0,6,6,0,0,0,0,0,0,0,0,0,0,0,0,0,0,0,0,0,0,0,0,0,0,0,0,0,0,0,0,0,0,0,0,0,0,4,0,0,0,0,0,0,0,0,4,0,0,0,0,0,0,0,0,0,0,0,0,0,0,0,0,0,0,0,0,0,0,0,0,0,0,0,0,0,0,0,0,0,0,0,0,0,0,0,0,0,0,0,4,0,0,0,0,0,0,0,0,0,0,0,0,0,0,0,0,0,0,0,0,0,0,0,0,0,0,0,0,9,4,0,0,0,0,0,0,0,0,0,0,0,0,6,0,0,0,0,0,0,0,0,0,0,0,0,107,0,0,0,0,0,0,0,5,19,6,0,0,0,0,0,0,0,0,0,0,0,0,4,0,0,0,53,31,8,0,0,0,18,0,0,0,0,0,0,21,0,0,0,20,0,0,0,7,0,23,0,0,10,55,0,0,0,0,0,0,11,100,0,0,10,0,0,66,0,76,92,0,8,35,0,0,0,0,0,31,38,68,0,86,68,0,0,156,46,359,10,0,0,263,0,0,24,0,0,18,42,75,0,42,6,92,397,191,0,101,582,138,168,0,126,0,650,137,0,82,21,702,336,0,209,425,974,2044,339
"sfITS41","41",2019,"D",5,"fescue","B","GC","LV",0,"1579",0,0,0,0,0,0,0,0,0,0,0,0,0,0,0,0,0,0,0,0,0,0,0,0,0,0,0,0,0,0,0,0,0,0,0,0,0,0,0,0,0,0,0,0,0,0,0,0,0,0,0,0,0,0,0,0,0,0,0,0,0,0,0,0,0,0,0,0,0,0,0,0,0,0,0,0,0,0,0,0,0,0,0,0,0,0,0,0,0,0,0,0,0,0,0,0,0,0,0,0,0,0,0,0,0,0,0,0,0,0,0,0,0,0,0,0,0,3,0,0,0,0,0,0,0,0,0,0,0,0,0,0,0,0,0,0,0,0,4,0,0,0,0,0,0,0,0,0,0,0,0,0,0,0,0,0,0,0,0,0,0,0,0,0,0,0,0,0,0,0,0,0,0,0,0,0,0,0,0,0,0,0,0,0,0,0,0,0,0,0,0,0,0,0,0,0,0,0,0,0,0,0,0,0,0,0,0,0,0,0,0,0,0,2,0,0,0,0,0,0,0,0,0,0,0,0,0,0,0,4,0,0,0,4,0,0,0,6,0,0,0,5,0,0,0,0,0,0,0,0,0,0,0,8,0,4,0,0,5,0,0,0,2,4,0,0,0,0,0,0,11,0,0,0,0,0,0,0,0,33,112,0,0,0,0,0,31,0,95,7,0,0,0,0,39,14,186,0,40,0,0,0,15,357,57,7,0,14,111,0,74,22,22,417,202
"sfITS42","42",2019,"D",6,"fescue","B","GC","LV",33,"340",0,0,0,0,0,0,0,0,0,0,0,0,0,0,0,0,0,0,0,0,0,0,0,0,0,0,0,0,0,0,0,0,0,0,0,0,0,0,0,0,0,0,0,0,0,0,0,0,0,0,0,0,0,0,0,0,0,0,0,0,0,0,0,0,10,0,0,0,0,0,0,0,0,0,0,0,0,0,0,0,0,0,0,0,0,0,14,0,0,0,0,0,0,0,0,0,0,0,0,0,0,0,0,0,0,0,0,0,0,0,0,0,0,0,0,0,0,0,0,0,0,0,0,0,0,0,0,0,0,0,0,0,0,0,0,0,0,0,0,0,0,0,0,0,0,0,0,0,0,0,0,0,0,0,0,0,0,0,0,0,0,0,0,0,0,0,0,0,0,0,0,0,0,0,0,0,0,0,0,0,0,0,0,0,0,9,0,0,0,0,0,0,0,0,0,0,0,0,46,0,0,0,0,0,0,0,0,0,3,0,0,0,0,0,0,0,0,6,0,0,0,0,10,0,0,0,0,0,0,6,0,0,0,0,0,0,0,0,0,0,5,140,0,0,0,0,0,0,0,0,4,0,0,0,0,0,0,0,0,0,0,0,0,15,0,6,0,10,0,5,69,0,0,4,32,0,5,0,23,6,0,0,59,0,0,8,0,71,0,2,0,0,0,0,10,11,24,65,26,0,18,0,159,19,11,11,13,208,2903,0,60,680,38,732,226
"sfITS43","43",2019,"D",7,"fescue","B","GC","MV",0,"536",0,0,0,0,0,2,0,0,0,0,0,0,0,0,0,0,0,0,0,0,0,0,0,0,0,0,0,0,0,0,0,0,0,0,0,0,0,0,0,0,0,0,0,0,0,0,0,0,0,0,0,0,0,0,0,0,0,0,0,0,0,0,0,0,0,0,0,0,0,0,0,0,0,0,0,0,0,0,0,0,0,0,0,0,0,0,0,0,0,0,0,0,0,0,0,0,0,0,0,0,0,0,0,0,0,0,0,0,0,0,0,0,0,25,0,0,0,0,0,0,0,0,0,0,0,0,0,0,0,0,0,0,0,0,0,0,0,0,0,0,0,0,0,0,0,0,0,0,0,0,0,0,0,0,0,0,0,0,0,0,0,0,4,0,0,0,0,0,0,0,0,0,0,4,0,0,0,0,0,0,0,0,0,0,0,0,0,0,0,0,0,0,0,0,0,3,0,0,4,0,0,118,0,0,0,0,0,0,0,0,0,0,0,0,20,0,0,40,0,0,0,0,4,0,0,0,0,0,0,0,0,0,9,0,0,2,0,0,0,63,0,0,0,0,0,0,0,0,0,0,0,0,0,5,0,13,12,0,0,0,0,0,0,0,0,0,0,0,0,43,0,0,0,219,0,70,0,0,0,18,11,0,3,0,0,41,0,0,0,11,0,0,15,0,7,65,35,5,223,0,0,0,0,33,0,10,0,176,97,9,0,0,337,177,8
"sfITS44","44",2019,"D",8,"fescue","B","GC","MV",33,"649",0,0,0,0,0,0,0,0,0,0,0,0,0,0,0,0,0,0,0,0,0,0,0,0,0,0,0,0,0,0,0,0,0,0,0,0,0,0,0,0,0,0,0,0,0,0,0,0,0,0,0,0,0,0,0,0,0,0,0,0,0,0,0,0,0,0,0,0,0,0,0,0,0,0,0,0,0,0,0,0,0,0,0,0,0,0,0,0,0,0,0,0,0,0,0,0,0,0,0,0,0,0,0,0,0,0,0,0,0,0,0,0,0,0,0,0,0,0,0,0,0,0,0,0,0,0,0,0,0,0,0,0,0,0,0,0,0,0,0,0,0,0,0,0,0,0,57,21,0,0,0,0,13,0,0,0,0,0,0,0,0,0,0,0,0,0,0,0,66,0,0,0,0,0,4,0,0,0,0,0,0,0,0,0,0,0,0,0,0,0,0,0,0,0,0,0,0,0,0,0,0,28,321,0,0,3,0,0,0,0,238,0,0,9,0,0,0,0,0,0,0,0,0,0,0,0,0,0,0,0,0,0,0,0,0,8,0,0,0,0,5,0,0,0,0,0,0,0,0,0,0,0,0,0,0,32,5,0,0,0,0,0,0,0,0,19,0,11,0,377,17,0,0,12,0,171,32,0,0,34,0,0,23,0,0,17,0,19,0,0,2,0,35,9,4,29,57,98,112,0,22,0,176,76,0,14,20,115,1391,0,0,235,175,1031,30
"sfITS45","45",2019,"D",9,"fescue","C","GC","MV",0,"904",0,0,0,0,2,0,0,0,0,0,0,0,0,0,0,0,0,0,0,0,0,0,0,0,0,0,0,0,0,0,0,0,0,0,0,0,4,0,2,0,0,0,0,0,0,0,0,0,0,0,0,0,0,0,0,0,0,0,0,0,0,0,0,0,0,0,0,0,0,0,0,0,0,0,0,12,0,0,0,0,0,0,0,0,0,3,0,0,0,0,0,0,0,0,0,0,0,0,0,5,0,0,0,0,0,0,0,0,0,0,0,5,0,0,0,0,0,0,0,0,0,0,0,0,0,0,0,0,0,0,0,0,0,0,0,0,0,0,0,0,0,0,8,0,0,0,0,0,0,0,0,0,0,0,8,0,0,0,0,0,0,0,0,0,0,0,0,0,0,0,0,0,0,0,16,0,0,0,0,0,0,0,0,0,0,0,0,0,0,0,0,0,0,0,28,0,0,0,0,0,0,0,0,0,0,0,0,0,0,0,0,0,18,0,0,0,0,0,138,0,0,0,0,0,0,0,0,0,0,3,0,0,0,4,10,12,0,0,0,0,0,0,0,0,0,0,0,0,0,0,0,0,0,327,0,20,0,0,0,6,0,0,0,0,0,7,0,0,0,70,8,5,0,27,685,78,0,0,0,58,60,0,0,0,0,29,0,16,0,0,0,0,11,0,47,441,154,13,103,0,16,0,21,112,81,0,8,291,242,0,0,21,1107,767,307
"sfITS46","46",2019,"D",10,"fescue","C","GC","MV",33,"174",0,0,0,2,0,0,0,0,0,0,0,0,0,0,0,0,0,0,0,0,0,0,0,0,0,0,0,0,0,0,0,0,0,0,0,0,0,0,0,0,3,0,0,0,0,0,0,0,0,0,0,0,0,0,8,0,0,9,0,0,0,0,0,0,0,0,0,0,0,0,0,0,0,0,0,0,0,0,0,0,0,0,0,0,0,0,0,0,0,0,0,8,0,0,0,2,0,0,4,13,0,0,0,0,0,0,0,0,0,0,0,0,0,0,0,0,0,0,0,0,7,0,0,0,0,0,0,0,0,0,0,0,0,0,0,0,0,0,0,0,0,0,36,0,0,0,0,14,0,5,0,0,0,0,5,0,0,8,0,51,0,0,0,0,0,0,0,72,0,0,0,0,0,0,11,0,0,2,0,0,0,13,0,60,0,19,0,22,0,0,8,0,0,0,0,0,0,0,0,0,0,0,0,0,0,0,0,5,0,0,0,0,3,0,0,0,0,42,38,31,0,0,0,0,0,0,11,0,0,21,0,0,0,0,0,8,0,0,15,0,13,11,0,0,0,0,0,0,0,0,0,0,110,0,0,25,12,102,0,94,0,0,0,34,22,39,0,614,0,64,175,0,0,12,0,27,288,0,0,11,16,0,29,0,0,538,0,292,0,79,0,112,8,1006,33,37,0,228,270,0,247,0,2030,128,102,15,48,209,287,0,305,531,173,1410,307
"sfITS47","47",2019,"D",11,"fescue","C","GC","LV",0,"617",0,0,0,0,0,0,0,0,0,0,0,0,0,0,0,0,0,0,0,0,0,0,0,0,0,0,0,0,0,0,0,0,0,0,0,0,0,0,0,0,0,0,0,0,0,0,0,0,0,0,0,0,0,0,0,0,0,0,0,0,0,0,0,0,0,0,0,0,0,0,0,0,0,0,0,0,0,0,0,0,0,0,0,0,0,0,0,0,0,0,15,0,0,0,0,0,0,0,0,0,0,0,0,0,0,0,0,0,0,0,0,0,2,0,0,0,0,27,0,0,0,0,0,0,0,0,0,0,0,0,0,0,0,0,0,0,0,0,0,0,0,0,0,0,0,0,0,0,0,0,0,0,0,0,3,0,0,0,0,0,0,0,0,0,0,0,0,0,8,0,0,0,0,0,0,0,0,5,0,0,0,0,0,0,0,0,0,0,0,0,0,0,15,0,11,0,0,0,0,0,0,0,0,0,0,0,0,0,0,0,0,0,0,0,0,0,0,0,0,0,0,0,0,0,0,0,0,0,0,0,0,0,0,15,13,0,0,0,0,0,0,0,0,0,0,0,0,0,0,0,6,0,0,0,0,25,6,0,0,0,0,0,19,0,0,0,0,0,0,73,0,4,0,21,0,2,0,0,0,14,48,0,0,0,0,11,5,43,0,134,0,0,0,0,0,41,62,0,24,0,18,0,19,110,101,4,0,30,174,0,46,0,68,139,325
"sfITS48","48",2019,"D",12,"fescue","C","GC","LV",33,"576",0,0,0,0,0,0,0,0,0,0,0,0,0,0,0,0,0,0,0,0,0,0,0,0,0,0,0,0,0,0,0,0,0,0,0,0,0,0,0,0,0,0,0,0,0,0,0,0,0,0,0,0,0,0,0,0,0,0,0,0,0,0,0,0,0,0,0,0,0,0,0,0,0,0,12,0,0,0,0,0,0,0,0,0,0,0,0,0,0,3,0,0,0,0,0,0,0,0,0,0,0,0,0,0,0,0,0,0,0,4,0,0,0,0,0,0,0,0,0,0,0,0,0,0,0,0,0,0,0,2,0,0,0,0,0,0,0,0,0,0,0,0,0,0,0,0,0,0,0,0,0,0,0,0,0,0,0,0,0,0,0,0,0,0,0,0,0,0,0,6,0,0,5,0,0,0,0,0,0,0,0,0,0,11,0,17,0,0,0,0,0,0,0,0,15,0,0,0,0,0,0,0,0,0,0,0,0,0,0,0,0,0,0,0,0,0,0,0,0,0,0,0,0,0,0,0,0,0,0,0,0,0,0,0,0,0,0,0,4,0,0,0,0,5,0,0,8,0,0,0,0,0,0,0,0,10,0,0,15,0,0,0,8,0,0,0,9,18,0,16,0,0,0,0,0,8,96,0,0,0,0,0,94,0,0,22,0,257,0,0,0,40,8,58,97,39,2,37,152,0,121,0,672,187,0,10,141,195,120,0,140,216,32,170,588
"sfITS49","49",2019,"E",1,"grape","A","noGC","LV",0,"73.3",0,0,0,0,0,0,0,0,0,0,0,0,0,0,0,0,0,0,0,0,0,0,0,0,0,0,0,0,0,0,0,0,0,0,0,0,0,0,0,0,0,0,0,0,0,0,0,0,0,0,0,0,0,0,0,0,0,0,0,0,0,0,0,0,0,0,0,0,0,0,0,0,0,0,0,0,0,0,0,0,0,0,0,0,0,0,0,0,0,0,0,0,0,0,0,0,0,0,0,0,0,0,0,0,0,0,0,0,0,0,0,0,0,0,0,0,0,0,0,0,0,0,0,0,0,0,0,0,0,0,0,0,0,0,0,0,0,0,0,0,0,0,0,0,0,0,0,0,0,0,0,0,0,0,0,0,0,0,0,0,0,0,0,0,0,0,0,0,0,0,3,0,0,0,0,0,0,0,0,0,0,0,0,0,0,0,0,0,0,0,0,0,0,0,0,0,0,0,4,0,0,0,0,0,0,0,0,0,0,0,0,0,0,6,0,0,0,0,0,0,0,0,7,0,0,0,0,0,0,0,0,0,0,0,0,0,0,0,0,0,10,0,0,0,0,0,0,0,0,0,5,0,0,0,0,0,6,18,0,0,0,0,0,0,0,0,6,0,0,0,68,0,0,4,4,13,0,0,0,0,0,0,0,0,0,0,9,0,0,0,0,22,29,0,0,0,107,32,265,0,0,0,13,71,0,9,49,699,28,0,43,0,142,970,0
"sfITS50","50",2019,"E",2,"grape","A","noGC","LV",33,"235",0,0,0,0,0,0,0,0,0,0,0,0,0,0,0,0,0,0,0,0,0,0,0,0,0,0,0,0,0,0,0,0,0,0,0,0,0,0,0,0,0,0,0,0,0,0,0,0,0,0,0,0,0,0,0,0,0,0,0,0,0,0,0,0,0,0,0,0,0,0,0,0,0,0,0,0,0,0,0,0,0,0,0,0,0,0,0,0,0,0,0,0,0,0,0,0,0,0,0,0,0,0,0,0,0,0,0,0,0,0,0,0,0,0,0,0,0,0,0,0,0,0,0,0,0,0,0,0,0,0,0,0,0,0,0,0,0,0,0,0,0,0,0,0,0,0,0,0,0,0,0,0,0,0,0,0,0,0,0,0,0,0,0,0,0,0,0,0,0,19,0,0,0,0,0,0,0,0,0,0,0,0,0,0,0,0,0,0,0,0,0,0,0,0,0,4,0,0,0,0,0,0,0,0,0,0,0,0,0,0,0,0,0,0,0,0,0,0,0,0,0,0,6,0,0,231,15,0,0,8,0,0,0,0,0,0,0,0,10,0,0,0,0,0,0,0,0,0,0,0,0,0,0,0,0,0,0,0,0,0,0,0,0,0,0,111,0,4,0,0,49,0,0,9,0,0,36,2,0,20,0,0,60,0,0,3,39,53,0,0,0,0,0,0,0,0,66,123,0,0,18,0,449,384,19,3,48,24,674,0,482,651,20,1815,0
"sfITS51","51",2019,"E",3,"grape","A","noGC","LV",66,"233",0,0,0,0,0,0,0,0,0,0,0,0,0,0,0,0,0,0,0,0,0,0,0,0,0,0,0,0,0,0,0,0,5,0,0,0,0,0,0,0,0,0,0,0,0,0,0,0,0,0,0,0,0,0,0,0,0,0,0,0,0,0,0,0,0,0,0,0,0,11,11,0,0,0,0,0,0,0,0,0,13,13,0,0,0,0,0,0,0,0,0,0,0,0,0,0,0,0,5,0,0,0,20,0,0,0,22,0,0,0,0,0,0,0,0,0,7,0,0,0,0,0,0,0,32,32,0,0,0,0,0,0,4,0,0,0,0,48,0,0,0,0,3,4,0,0,0,0,0,6,0,0,0,0,0,0,0,21,0,6,0,0,0,53,6,0,0,0,0,0,23,56,0,0,0,0,0,0,39,0,0,42,86,0,0,34,0,0,0,39,86,0,0,0,0,42,0,0,43,0,0,0,0,0,0,0,11,68,11,0,0,23,90,0,0,0,0,0,0,0,37,0,0,0,20,0,0,0,0,47,0,0,0,0,0,0,0,0,176,0,27,33,0,0,0,0,0,0,0,0,29,0,0,8,0,0,181,21,0,0,0,0,30,21,16,0,22,28,8,0,590,6,0,133,22,0,45,9,121,154,10,0,460,0,0,45,204,196,0,3,0,82,12,45,62,147,711,829,501,0,188,0,344,836,46,123,260,226,1573,17,1520,973,250,6182,600
"sfITS52","52",2019,"E",4,"grape","A","GC","LV",0,"29.3",0,0,0,0,0,0,0,0,0,0,0,0,0,0,0,0,0,0,0,0,0,0,0,0,0,0,0,0,0,0,0,0,0,0,0,0,0,0,0,0,0,0,0,0,0,0,0,0,0,0,0,0,0,0,0,0,0,0,0,0,0,0,0,0,0,0,0,0,0,0,0,0,0,0,0,0,0,0,0,0,0,0,0,0,0,0,0,0,0,0,0,0,0,0,0,0,0,0,0,0,0,0,0,0,0,0,0,0,6,0,0,0,0,0,0,0,0,0,0,0,0,0,0,0,0,0,0,0,0,0,0,0,0,0,0,0,0,0,0,0,0,0,0,0,0,0,0,0,0,0,0,0,0,0,18,0,0,0,0,0,0,77,17,0,0,0,0,0,0,0,0,0,0,0,0,0,0,0,0,0,0,0,0,0,0,0,0,0,0,0,0,0,0,0,0,0,0,0,0,0,0,0,0,0,0,0,0,0,8,0,0,0,0,0,0,0,0,0,0,0,0,0,0,0,0,0,0,0,0,0,0,0,0,25,0,0,0,0,0,111,0,0,0,0,0,0,0,0,0,0,0,0,0,2,0,8,0,0,26,27,0,0,0,21,21,0,0,0,0,4,13,0,0,0,13,26,0,3,0,8,15,0,0,0,0,99,0,0,0,20,0,11,6,0,10,0,59,18,260,0,302,0,9,42,20,0,56,664,0,5,1943,12,57,1463,0
"sfITS53","53",2019,"E",5,"grape","A","GC","LV",33,"114",0,0,0,0,0,0,0,0,0,0,0,0,0,0,0,0,0,0,0,0,0,0,0,0,0,0,0,0,0,0,0,0,0,0,0,0,0,0,0,0,0,0,0,0,0,0,0,0,0,0,0,0,0,0,0,0,0,0,0,0,0,0,0,0,0,0,0,0,0,0,0,0,0,0,0,0,0,0,0,0,0,0,0,0,0,0,0,0,0,0,0,0,0,0,16,0,0,0,0,0,0,0,0,0,0,0,0,0,0,0,0,0,0,0,0,0,0,0,0,0,5,0,0,0,0,0,0,0,0,0,0,0,0,0,0,10,0,0,0,0,0,0,0,0,0,0,2,0,0,0,0,0,0,0,0,0,0,0,0,0,0,4,0,0,0,0,0,0,0,6,0,0,15,0,0,0,0,0,0,0,0,0,0,0,0,20,0,0,0,0,0,0,0,0,6,0,0,0,0,0,0,0,0,0,0,7,0,0,0,0,0,0,9,0,0,0,0,8,0,0,0,0,0,0,0,0,0,0,0,0,0,0,0,0,0,0,0,0,4,0,8,0,0,0,0,0,0,0,0,0,0,0,0,0,0,8,0,0,0,3,0,0,0,0,0,24,0,0,0,0,28,0,0,11,6,3,19,0,85,0,0,0,18,0,0,7,26,0,0,0,0,0,4,0,0,0,38,63,55,0,33,0,127,108,0,0,47,335,0,0,41,542,97,493,18
"sfITS54","54",2019,"E",6,"grape","A","GC","LV",66,"154",0,0,2,0,0,0,0,0,0,0,0,0,0,0,0,0,0,3,0,0,0,0,0,0,0,4,0,0,0,0,0,0,0,0,0,0,0,0,0,0,0,0,0,0,0,0,0,0,0,0,0,0,0,0,0,0,9,0,0,0,0,0,0,0,0,0,0,0,0,0,0,0,0,0,0,0,0,0,0,0,0,0,0,0,0,14,0,0,0,12,0,0,13,0,0,0,0,4,14,0,0,0,0,0,0,0,0,0,0,0,23,0,0,0,12,0,0,0,0,0,0,0,11,0,0,0,0,0,0,0,0,0,0,0,0,46,0,0,0,0,0,0,8,10,0,0,0,0,52,23,36,12,0,0,0,7,7,16,0,0,0,0,0,31,0,0,0,0,0,10,0,22,0,0,0,0,0,0,16,0,0,20,0,0,0,0,13,0,0,0,0,26,0,0,0,23,19,0,88,0,0,0,0,31,0,0,0,50,0,0,0,0,80,0,0,0,0,0,0,23,0,0,0,0,22,0,31,0,0,0,0,0,0,27,0,0,29,0,53,0,13,17,0,0,0,0,0,34,0,0,0,14,11,0,0,0,24,0,0,26,0,0,14,64,38,68,0,0,4,0,150,0,0,23,0,15,358,0,0,144,0,0,290,0,0,64,18,50,0,7,0,36,45,50,60,33,407,665,211,5,534,0,783,1122,0,11,103,61,7618,5,194,2672,130,2064,55
"sfITS55","55",2019,"E",7,"grape","A","GC","MV",0,"109.5",0,2,0,0,0,0,0,0,0,0,0,0,0,0,0,0,0,0,0,0,3,0,0,0,0,0,0,0,0,0,0,0,0,0,0,0,0,0,0,6,0,0,0,0,0,0,7,7,0,0,0,0,0,0,0,0,0,0,0,0,0,0,0,10,0,0,0,0,0,0,0,0,0,0,0,0,0,0,7,0,0,0,10,0,14,0,0,0,0,0,0,0,0,0,0,0,0,0,0,0,0,0,0,0,0,3,0,0,0,23,0,0,0,0,0,0,0,0,12,0,0,0,0,0,0,0,0,0,0,0,0,0,40,33,0,0,13,0,0,0,0,0,0,0,0,16,0,0,0,0,0,9,0,0,0,0,0,0,0,0,0,0,0,9,0,0,0,0,0,0,0,0,0,0,0,0,0,0,0,0,0,0,0,0,0,0,0,0,0,0,0,0,0,0,5,5,0,0,58,0,0,0,0,0,0,11,134,0,14,0,0,0,0,10,6,0,0,24,15,0,0,0,0,0,0,12,0,0,0,9,0,0,0,83,25,22,0,0,0,30,91,0,0,0,0,0,0,53,0,0,44,0,55,13,0,32,77,0,61,0,0,0,0,0,0,19,38,0,10,15,13,80,0,40,150,59,0,0,0,168,219,0,28,0,0,5,0,0,353,54,0,0,446,0,329,21,369,69,66,0,133,0,66,581,359,44,143,1516,961,13,4173,67,244,3003,72
"sfITS56","56",2019,"E",8,"grape","A","GC","MV",33,"128.6",0,0,0,0,0,0,0,0,0,0,0,0,0,0,0,0,0,0,0,0,0,0,0,0,0,0,0,0,0,0,0,0,0,0,0,0,0,0,0,0,0,0,0,0,0,0,0,0,0,0,0,0,0,0,0,0,0,0,0,0,0,0,10,0,0,0,0,0,6,0,0,0,0,0,0,0,0,0,0,0,0,0,0,0,0,0,0,0,0,0,0,0,0,0,0,0,0,0,0,0,0,0,0,0,0,0,8,0,0,0,0,0,0,0,0,0,0,0,0,0,0,0,0,0,0,0,0,0,34,29,0,0,0,0,46,0,0,0,0,0,0,54,0,0,0,0,0,23,0,0,0,0,0,0,0,0,0,0,0,0,0,0,0,2,0,0,0,0,0,0,0,0,0,0,0,0,0,0,0,0,0,9,0,80,0,0,0,0,0,26,0,0,0,133,0,0,0,0,26,0,0,0,0,0,0,0,28,0,58,0,0,0,0,0,0,0,0,0,0,0,0,0,0,0,0,0,34,0,0,0,0,46,0,0,39,0,174,0,0,0,0,46,0,0,0,0,0,0,0,0,0,0,50,30,8,0,134,78,0,0,0,0,62,41,68,92,0,37,0,0,180,0,0,0,0,36,64,133,192,487,0,0,132,0,0,163,365,712,0,0,0,0,21,234,0,33,603,1131,311,0,948,0,1196,442,59,236,1471,521,222,0,2914,2342,268,2682,181
"sfITS57","57",2019,"E",9,"grape","A","GC","MV",66,"168.1",0,0,0,0,0,0,0,0,0,0,0,0,0,0,0,0,0,0,0,0,0,0,0,0,0,0,0,0,0,0,0,0,0,0,0,0,0,0,0,0,0,0,0,0,0,0,0,0,0,0,0,0,0,0,0,0,0,0,0,0,0,0,0,0,0,0,0,0,0,0,0,0,0,0,0,0,0,0,0,13,0,0,0,0,0,0,0,0,0,0,0,0,0,16,0,0,0,0,0,0,0,0,0,0,0,0,0,0,0,0,0,0,0,0,0,0,0,0,0,0,0,0,0,0,0,0,0,0,0,0,0,0,0,0,0,0,0,0,0,0,0,0,0,0,0,0,0,0,0,5,0,0,0,0,0,0,0,0,0,0,0,0,0,0,0,0,0,0,0,0,0,0,0,0,0,0,0,0,0,0,0,0,0,0,0,0,0,0,0,0,0,0,0,0,0,0,0,0,0,0,0,0,0,0,0,0,0,0,0,0,0,0,0,0,0,0,0,0,0,0,0,0,0,0,0,0,5,0,0,22,0,0,0,15,0,0,0,0,0,0,8,13,0,0,0,0,0,0,0,0,4,0,0,0,0,0,33,0,0,0,0,0,0,0,0,69,24,0,0,0,6,0,0,3,18,0,18,0,0,69,0,0,49,0,0,9,30,6,0,0,0,18,0,60,0,0,52,40,93,0,67,0,0,0,0,13,22,193,24,0,971,57,292,312,0
"sfITS58","58",2019,"E",10,"grape","A","noGC","MV",0,"127.5",0,0,0,0,0,0,0,0,0,0,0,0,0,0,0,0,0,0,0,0,0,0,0,0,4,0,0,0,0,0,0,0,0,0,0,0,3,0,0,0,0,0,0,0,0,0,0,0,0,0,0,0,0,0,0,0,0,0,0,0,0,0,0,0,0,0,0,0,0,0,0,0,0,0,0,0,0,0,0,0,0,0,0,0,0,0,0,0,0,0,0,0,0,0,0,0,0,0,0,0,0,0,0,0,0,0,0,0,0,0,0,0,0,0,0,0,0,0,0,0,0,0,0,0,0,0,0,0,0,0,0,0,0,0,0,0,0,0,0,0,0,0,0,0,0,0,0,0,0,0,0,0,0,0,0,0,0,0,0,0,0,0,0,0,0,0,0,0,0,0,0,0,0,0,0,0,0,0,0,0,0,0,0,0,12,2,0,0,0,0,0,0,0,0,0,0,0,0,0,0,0,0,0,0,0,0,0,0,0,0,0,0,0,0,0,0,0,0,0,0,0,0,0,0,0,0,0,0,0,0,0,0,0,0,0,0,0,0,2,0,0,9,0,0,0,0,0,0,0,0,0,0,0,0,0,0,0,0,35,0,0,0,7,0,0,0,14,0,0,0,0,0,0,0,0,0,0,3,0,0,36,0,15,0,0,0,30,0,100,3,0,0,0,0,33,0,9,44,29,0,0,0,0,122,61,8,0,29,41,0,415,0,74,1390,60
"sfITS59","59",2019,"E",11,"grape","A","noGC","MV",33,"105.8",0,0,0,0,0,0,0,0,0,0,0,0,0,0,0,0,3,0,0,0,0,0,0,0,0,0,0,0,0,0,0,0,0,0,0,0,0,0,0,0,0,0,0,0,0,0,0,0,0,0,0,0,0,0,0,0,0,0,0,0,0,0,0,0,0,0,0,0,0,0,0,0,0,12,0,0,0,0,0,0,0,0,0,0,0,0,0,0,0,0,0,0,0,0,0,0,0,13,3,0,0,0,0,0,0,0,0,0,0,0,0,0,0,0,0,0,0,0,0,0,0,18,0,0,0,0,0,0,0,0,0,0,0,0,0,0,0,0,36,0,0,0,0,0,0,0,7,0,0,3,10,0,0,0,0,0,0,0,0,0,3,0,0,0,0,0,0,0,0,0,0,0,33,0,0,0,0,0,24,0,102,11,0,0,0,0,0,14,0,0,0,0,0,0,0,0,0,0,0,0,0,0,0,0,0,25,0,25,0,0,0,0,0,0,0,0,0,0,15,31,0,0,0,0,0,0,5,0,0,0,0,0,0,0,2,0,0,0,88,0,0,0,0,0,0,0,0,0,0,0,0,11,0,0,0,11,0,14,12,0,0,0,0,0,0,0,66,0,0,0,77,4,0,18,16,76,43,0,0,0,0,0,62,0,0,0,0,63,0,6,4,0,0,28,48,75,0,357,751,0,80,0,177,269,0,35,44,435,223,18,1200,1109,287,3322,119
"sfITS60","60",2019,"E",12,"grape","A","noGC","MV",66,"149.7",0,0,0,0,0,0,0,0,0,0,0,0,0,0,0,0,0,0,0,0,0,0,0,0,0,0,0,0,0,0,0,5,0,0,0,0,0,0,0,0,0,0,0,0,0,7,0,0,0,0,0,0,0,5,0,0,0,0,0,0,0,10,0,0,0,0,0,11,0,0,0,0,0,0,0,0,0,0,0,2,0,0,0,0,0,0,0,0,0,0,0,0,0,0,0,0,0,0,0,0,0,0,0,0,0,0,0,0,0,0,0,0,0,0,0,0,27,0,0,0,28,0,0,0,0,0,0,0,0,0,0,0,0,0,0,0,0,0,0,0,0,0,0,0,0,0,0,0,0,0,0,0,0,0,0,0,0,11,64,0,3,0,0,0,0,0,0,23,0,12,0,72,0,0,0,0,46,0,0,0,0,34,0,0,0,0,0,6,0,0,100,0,0,0,24,136,0,0,6,0,0,0,0,0,0,0,0,45,8,0,0,0,0,0,20,0,0,0,0,0,0,0,0,0,0,11,33,0,0,42,0,0,98,0,0,0,0,62,0,0,51,18,0,99,0,0,14,9,0,0,0,22,29,0,0,0,0,289,58,0,0,0,0,0,0,0,0,0,0,0,355,1934,0,327,0,0,223,6,44,0,18,0,171,0,0,2,41,47,0,128,26,97,39,38,63,142,32,1619,198,0,395,0,698,1560,40,0,104,1753,4408,0,871,2118,437,3143,592
"sfITS61","61",2019,"F",1,"grape","B","GC","LV",0,"17.7",0,0,0,0,0,0,0,0,0,0,0,0,0,0,0,3,0,0,0,0,0,0,0,0,0,0,0,0,0,0,0,0,0,0,0,0,0,0,0,0,0,0,0,0,0,0,0,0,0,0,0,0,8,0,0,0,0,0,0,0,0,0,0,0,0,0,0,0,5,0,0,0,12,0,0,0,0,0,0,0,0,0,0,0,0,0,0,0,15,0,0,0,0,0,0,0,0,0,0,0,0,0,0,0,0,0,0,0,0,0,0,0,0,0,0,0,0,0,0,0,0,0,0,0,0,0,0,0,0,0,0,0,0,0,0,0,0,0,0,0,0,0,0,0,0,0,0,0,0,0,0,0,0,0,0,0,0,0,0,0,0,6,0,0,0,0,59,0,0,0,0,0,0,0,0,0,0,0,0,0,0,0,0,0,96,0,0,0,0,0,0,0,0,0,22,0,0,0,3,0,0,0,0,0,0,24,0,0,0,0,0,0,49,0,0,0,0,0,0,0,0,0,0,0,0,0,0,0,0,0,0,0,0,103,0,0,0,0,0,0,0,110,0,0,0,0,0,0,0,0,0,0,0,0,0,21,27,0,0,0,0,0,0,0,0,0,9,0,0,62,0,0,0,0,59,55,0,0,0,408,13,0,0,0,0,75,177,13,0,221,56,134,49,0,43,0,325,31,297,21,799,0,16,0,999,0,2470,890,180,0,4823,92,364,123,740
"sfITS62","62",2019,"F",2,"grape","B","GC","LV",33,"131",0,0,0,0,0,0,0,0,0,0,0,0,0,3,3,0,0,0,0,0,0,0,0,0,0,0,0,0,0,0,0,0,0,0,0,0,0,0,0,0,0,0,0,0,0,0,0,0,0,0,0,0,0,3,0,0,0,0,0,0,0,0,0,0,0,0,0,0,0,0,0,0,0,0,0,0,0,0,0,0,0,0,0,0,0,0,0,0,0,0,0,0,0,0,0,0,7,0,0,0,0,0,0,0,0,0,0,0,0,0,0,0,0,0,0,0,0,0,0,0,0,0,0,0,0,0,0,0,0,0,0,0,0,0,0,0,0,0,0,0,0,0,0,16,0,0,0,0,0,5,0,0,0,0,0,0,0,0,0,0,0,0,0,5,0,0,0,0,0,0,0,0,32,0,0,0,0,0,0,0,0,0,0,0,0,0,0,23,0,65,0,15,0,0,0,0,0,0,7,3,0,0,0,0,0,0,7,0,21,0,0,0,0,0,0,0,0,14,0,0,0,0,0,0,0,0,0,0,417,22,0,0,0,22,0,0,0,0,0,0,18,0,0,0,0,0,74,0,0,0,0,19,0,0,0,18,11,0,0,0,0,0,0,87,24,25,27,0,0,0,31,7,0,21,0,0,19,0,0,29,0,0,193,0,0,0,75,187,0,17,0,0,52,0,63,0,118,260,49,0,227,0,0,213,20,20,487,309,203,0,1234,444,125,1604,207
"sfITS63","63",2019,"F",3,"grape","B","GC","LV",66,"121",0,0,0,0,0,0,0,0,0,0,0,0,0,0,0,0,0,0,0,0,0,0,0,0,0,0,0,0,0,0,0,0,0,0,0,0,0,0,0,0,0,0,0,0,0,0,0,0,0,0,0,8,0,0,0,0,0,0,0,0,0,0,0,0,0,0,0,0,0,0,0,0,0,0,0,0,0,0,0,0,0,0,0,0,0,0,0,0,0,0,0,0,0,0,0,0,0,0,0,0,0,0,0,0,0,0,0,0,0,0,0,0,0,0,0,0,0,0,0,0,0,0,0,0,0,0,0,0,0,0,0,0,0,0,0,0,0,0,0,0,0,0,0,0,0,0,0,0,0,0,0,0,0,0,0,0,0,0,0,0,0,0,0,0,0,0,0,0,0,0,0,0,0,26,0,0,0,104,0,0,0,0,0,0,0,0,0,99,0,0,0,58,0,0,0,0,0,0,0,0,0,0,0,0,0,0,38,0,108,0,0,267,0,0,0,305,0,0,0,0,0,0,0,0,0,0,0,0,0,0,0,0,0,0,0,0,120,0,191,0,530,0,0,0,0,0,38,0,0,0,0,0,234,0,0,0,0,0,0,0,0,0,0,289,615,0,0,0,0,0,0,0,0,0,0,0,714,0,0,312,0,0,650,0,0,0,0,0,0,2,0,183,242,0,0,0,895,980,807,0,1135,0,4806,1343,0,0,0,2481,2095,0,4023,4463,486,5222,938
"sfITS64","64",2019,"F",4,"grape","B","noGC","LV",0,"107.5",0,0,0,0,0,0,0,0,0,0,0,0,0,0,0,0,0,0,0,0,0,0,0,0,0,0,0,0,0,0,0,0,0,0,0,0,0,0,6,0,0,0,0,0,0,0,0,0,0,0,8,0,0,0,0,0,0,0,0,0,0,0,0,0,0,0,0,0,0,0,0,0,0,0,0,0,0,0,0,0,0,0,0,0,0,0,0,0,0,0,0,0,0,0,0,0,0,0,0,0,0,0,0,0,0,0,0,0,23,0,0,0,0,0,0,0,0,0,11,0,0,0,0,0,0,0,0,9,0,2,0,0,0,0,0,0,0,0,0,0,0,0,0,0,0,10,0,0,0,0,0,11,0,0,0,0,6,8,0,0,0,0,0,11,0,0,0,0,0,0,0,0,0,0,0,0,0,0,0,0,0,0,0,0,8,0,0,0,0,9,66,0,0,0,0,0,0,0,0,0,0,0,0,0,0,0,47,35,0,0,0,0,32,47,0,0,0,0,0,0,0,0,0,0,0,0,6,0,0,0,0,0,0,127,51,25,0,0,6,73,45,14,0,0,0,0,0,50,0,0,35,0,0,0,0,65,9,0,149,0,0,0,0,0,0,14,0,52,9,0,62,0,0,28,94,242,0,6,0,0,77,0,9,0,0,0,2909,57,157,39,0,66,225,0,325,105,89,134,485,0,38,0,58,692,262,39,347,927,399,10,799,160,1355,2529,518
"sfITS65","65",2019,"F",5,"grape","B","noGC","LV",33,"107",0,0,0,0,0,0,0,0,0,0,0,0,0,0,0,0,0,0,0,0,0,0,0,0,0,0,0,0,0,0,0,0,0,0,0,0,0,0,0,0,0,0,0,0,0,0,0,0,0,0,0,0,0,0,0,0,0,0,0,0,0,0,0,0,0,0,0,0,0,0,0,0,0,0,0,0,0,0,0,0,0,0,0,0,0,0,0,0,0,0,0,0,0,0,0,0,0,0,0,0,0,0,0,0,0,0,0,0,0,0,0,0,0,0,0,0,0,0,0,0,0,0,0,0,0,0,0,0,0,0,0,0,0,0,0,0,0,0,0,0,0,0,0,0,0,0,0,0,0,0,0,0,0,0,0,0,0,0,0,0,0,0,0,0,0,0,0,0,0,0,0,0,0,0,0,0,0,0,0,0,0,0,0,0,0,0,0,2,0,0,0,0,0,0,0,0,0,0,2,0,0,0,0,0,0,0,0,0,0,0,0,0,0,0,0,0,0,0,0,0,0,0,0,0,0,0,0,0,9,0,0,0,0,0,0,0,0,0,0,0,0,0,0,0,0,0,0,0,0,0,0,0,0,0,0,0,0,0,0,0,0,0,0,0,0,3,0,0,0,0,11,0,0,0,0,0,19,0,0,0,0,0,14,0,0,0,36,28,0,0,0,0,0,0,0,0,10,27,32,0,21,0,91,41,0,12,15,102,36,0,46,145,8,98,20
"sfITS66","66",2019,"F",6,"grape","B","noGC","LV",66,"130.4",0,0,0,0,0,0,0,0,0,0,0,0,0,0,0,0,0,0,0,0,0,0,0,0,0,0,0,0,0,0,0,0,0,0,0,0,0,0,0,0,0,0,0,0,0,0,0,0,0,0,0,0,0,0,0,0,0,0,0,0,0,0,0,0,0,0,0,0,0,0,0,0,0,0,0,0,0,0,0,0,0,0,0,0,0,0,0,0,0,0,0,0,0,0,0,0,0,0,0,0,0,0,0,0,21,0,0,0,0,0,0,0,0,0,0,0,0,0,0,0,0,0,0,0,0,0,0,0,0,0,0,0,0,0,0,0,0,0,0,0,0,0,0,0,0,0,0,0,0,0,0,0,0,0,0,0,0,0,0,0,0,0,0,0,0,0,0,0,0,0,0,0,0,0,0,0,0,0,0,0,0,0,0,0,0,0,0,0,0,0,0,0,0,0,0,0,0,0,0,0,0,0,0,0,0,5,0,3,0,0,0,0,0,11,0,0,0,0,0,0,0,0,0,0,0,8,0,0,0,7,0,0,0,0,0,9,0,0,9,0,0,24,0,4,0,0,0,0,0,0,0,0,0,5,0,0,0,0,0,3,0,0,0,0,0,20,0,0,0,0,0,0,0,0,9,0,37,0,0,0,0,0,30,0,0,0,7,30,0,10,0,11,8,12,0,50,81,63,163,0,77,0,296,114,13,25,53,156,378,0,199,842,147,473,47
"sfITS67","67",2019,"F",7,"grape","B","GC","MV",0,".",0,0,0,0,0,0,0,0,0,0,0,0,0,0,0,0,0,0,0,0,0,0,0,0,0,0,0,0,0,0,0,0,0,0,0,0,0,0,0,0,0,0,0,0,0,0,0,0,0,0,0,0,0,0,0,0,0,0,0,0,0,0,0,0,0,0,0,0,0,0,0,0,0,0,0,0,0,0,0,0,0,0,0,0,0,0,0,0,0,0,0,0,0,0,0,0,0,0,0,0,0,0,0,0,0,0,0,0,0,0,0,0,0,0,0,0,0,0,0,0,0,0,0,0,0,0,0,0,0,0,0,0,0,0,0,0,0,0,0,0,0,0,0,0,0,0,0,0,0,0,0,0,0,0,0,0,0,0,0,0,0,0,0,6,0,0,0,0,0,0,0,0,0,0,0,0,0,0,0,0,0,0,0,0,0,0,0,0,0,0,0,0,0,0,0,0,0,0,5,0,0,0,0,0,0,0,0,0,0,0,0,0,0,0,0,0,0,0,0,0,0,0,0,0,0,0,0,0,0,0,0,0,0,0,0,3,0,0,0,0,0,0,0,0,0,0,0,0,0,0,0,0,0,0,0,0,0,13,0,0,0,0,3,0,0,3,4,0,0,0,5,0,0,659,0,44,0,0,0,0,0,0,2,0,0,0,0,0,0,16,0,0,15,0,5,20,15,4,165,0,0,0,0,0,0,0,0,78,467,0,19,0,58,33919,0
"sfITS68","68",2019,"F",8,"grape","B","GC","MV",33,"121",2,0,2,0,0,0,0,0,0,0,0,0,0,0,0,0,0,0,0,0,0,0,0,0,0,0,0,0,0,0,0,0,0,0,0,0,0,0,0,0,0,0,0,0,7,0,0,0,0,0,0,0,0,0,0,0,0,0,0,0,0,0,0,0,0,0,0,0,0,0,0,0,0,0,0,0,0,0,0,0,0,0,0,0,0,0,0,15,0,0,0,7,0,0,0,0,0,0,0,0,0,0,0,0,0,0,0,0,0,0,0,0,0,0,0,0,0,0,0,0,0,0,0,0,0,0,0,0,0,0,0,0,0,0,0,0,0,0,0,0,0,0,0,31,0,0,0,0,0,0,0,6,0,0,0,0,0,0,0,0,0,0,0,0,0,0,0,8,0,0,0,0,0,0,11,0,6,0,0,0,0,0,0,0,0,0,0,0,0,0,0,0,0,0,0,0,0,0,0,0,0,0,0,54,0,0,0,4,0,0,0,0,38,0,0,0,0,0,0,0,0,0,0,0,0,0,0,0,0,0,437,0,0,0,0,0,0,0,17,36,55,0,0,11,0,0,10,0,0,0,0,0,0,17,0,30,17,0,0,0,0,0,0,17,38,76,126,24,0,0,37,0,0,6,87,164,23,0,0,30,0,0,90,0,0,0,42,47,0,238,45,0,143,99,0,28,35,86,343,6,185,0,306,270,0,0,79,519,254,25,1685,326,348,1352,0
"sfITS69","69",2019,"F",9,"grape","B","GC","MV",66,"116.7",0,0,0,0,0,0,0,0,0,0,0,0,0,0,0,0,0,0,0,0,0,0,0,0,0,0,0,0,0,0,0,0,0,0,0,0,0,0,0,0,0,0,0,0,0,0,0,0,0,0,0,0,0,0,0,0,0,0,0,0,0,0,0,0,0,0,0,0,0,0,0,0,0,0,0,0,0,0,0,0,0,0,0,0,0,0,0,0,0,0,0,0,0,0,0,0,0,0,0,0,0,0,0,0,0,0,0,0,0,0,0,0,0,0,0,0,0,0,0,0,0,0,0,0,0,0,0,0,0,0,0,0,0,0,3,0,0,0,0,0,0,0,0,0,0,0,0,0,0,0,0,0,0,0,0,0,0,0,0,0,0,0,0,0,0,0,0,6,0,0,8,30,6,0,15,0,3,0,0,107,0,0,0,11,0,0,0,0,0,0,0,43,0,0,0,0,0,0,0,0,0,0,0,0,0,0,0,4,9,15,0,0,11,5,12,0,0,0,32,0,76,0,0,0,0,0,0,0,0,0,0,447,0,8,5,0,0,0,23,0,22,0,0,26,0,5,36,0,0,0,0,504,107,0,0,12,51,241,0,20,0,0,0,0,0,0,43,19,0,0,25,0,0,33,68,50,17,5,0,0,0,0,45,0,0,6,0,31,0,14,0,0,40,768,32,165,46,307,306,0,222,0,444,293,62,42,196,217,505,0,990,326,193,3773,204
"sfITS70","70",2019,"F",10,"grape","B","noGC","MV",0,"107.8",0,0,0,0,0,0,0,0,0,0,0,0,0,0,0,0,0,0,0,0,0,0,0,0,0,0,0,0,0,0,0,0,0,0,0,0,0,0,0,0,0,0,0,0,0,0,0,0,0,0,0,0,0,0,0,0,0,0,0,0,0,0,0,0,0,0,0,0,0,0,0,0,0,0,0,0,0,0,0,0,0,0,0,0,0,0,0,0,0,0,0,0,0,0,0,0,0,0,0,0,0,0,0,0,0,0,0,0,0,0,0,0,0,0,6,0,0,0,0,0,0,0,0,0,0,0,0,34,0,0,0,0,0,0,0,11,0,0,17,0,0,0,0,0,0,0,0,0,0,0,0,0,0,0,0,0,0,0,0,0,0,0,12,0,0,0,0,0,0,0,0,0,0,0,4,0,0,0,0,0,0,0,0,0,0,0,0,0,0,0,0,0,0,0,0,0,0,0,0,0,0,0,0,0,0,0,0,0,0,0,0,0,0,4,3,0,0,0,0,0,0,0,13,0,0,11,0,0,0,0,0,0,0,4,0,0,0,0,0,22,0,0,0,0,0,0,0,27,0,0,0,0,0,0,0,10,2,0,17,0,0,0,11,0,0,21,42,0,5,0,107,0,0,30,24,25,0,0,0,0,15,0,0,0,0,0,0,17,0,30,0,51,21,0,57,71,37,32,543,0,0,0,15,146,42,478,0,448,74,7,250,38,265,325,49
"sfITS71","71",2019,"F",11,"grape","B","noGC","MV",33,"112.5",0,0,0,0,0,0,0,0,0,0,0,0,0,0,0,0,0,0,0,0,0,0,0,0,0,0,0,0,0,0,0,0,0,0,0,0,0,0,0,0,0,0,0,0,0,0,0,0,0,0,0,0,0,0,0,9,0,0,0,0,0,0,0,0,0,0,0,0,0,0,0,12,0,0,0,0,0,0,0,0,0,0,0,0,0,0,0,0,0,0,0,0,0,0,0,0,10,0,10,0,0,0,0,0,0,0,0,23,0,0,0,0,0,0,0,0,0,0,0,0,0,0,0,0,0,0,0,0,0,0,0,0,0,0,0,0,0,0,0,0,54,0,0,0,0,0,0,0,0,8,15,0,64,0,0,69,0,5,0,0,0,0,0,12,0,0,0,0,0,0,29,0,0,0,26,0,0,0,0,0,0,23,0,0,12,0,0,63,0,0,0,13,0,0,0,0,0,0,20,0,0,0,0,0,0,0,0,27,3,0,0,0,0,0,0,0,0,0,0,43,0,0,15,0,0,8,0,0,0,29,0,0,0,6,0,0,0,0,38,0,32,63,0,0,0,0,37,0,0,0,26,25,73,0,0,0,16,15,0,25,7,0,31,162,41,104,416,178,0,0,0,0,0,0,45,88,275,0,0,45,0,10,208,0,0,0,0,127,0,3,0,0,91,0,84,368,49,402,378,0,279,0,451,273,69,0,1328,1274,460,0,2449,764,1838,1925,575
"sfITS72","72",2019,"F",12,"grape","B","noGC","MV",66,"105.3",0,0,0,0,0,0,0,0,0,0,0,0,0,0,0,0,0,0,0,0,0,0,0,0,0,0,0,0,0,0,0,0,0,0,0,0,0,0,0,0,0,0,0,0,0,0,0,0,0,0,0,0,0,0,0,0,0,0,0,0,0,0,0,0,0,0,0,0,0,0,0,0,0,0,0,0,0,0,0,0,0,0,0,0,0,0,0,0,0,0,0,0,0,0,0,0,0,0,0,0,0,0,0,0,0,0,0,0,0,0,0,0,0,0,0,0,0,0,0,0,0,0,0,0,0,0,0,0,0,0,0,0,0,0,0,0,0,0,0,0,0,0,0,0,0,0,0,0,0,0,0,0,0,0,0,0,0,0,0,0,0,0,0,0,0,0,0,0,0,0,0,0,0,0,0,0,0,0,0,0,0,0,0,0,0,0,0,0,0,0,0,0,0,0,0,0,0,0,0,0,0,0,0,0,0,0,0,248,0,0,0,0,0,0,0,0,0,0,0,0,0,0,0,344,0,0,0,0,0,0,0,0,0,0,0,0,0,0,0,0,0,0,0,0,168,0,58,29,627,0,508,0,0,0,0,0,0,0,0,0,0,0,0,0,0,1309,0,0,0,0,0,0,0,0,0,0,0,0,689,0,0,0,66,0,0,0,0,0,0,5068,0,471,0,925,0,0,0,0,0,0,796,0,0,156,0,0,0,2004,3099,0,9012,6790,1606,3330,0
"sfITS73","73",2019,"G",1,"grape","C","GC","LV",0,"123.5",0,0,0,0,0,0,0,0,0,0,0,0,0,0,0,0,0,0,0,0,0,0,0,0,0,0,0,0,0,0,0,0,0,0,0,0,0,0,0,0,0,0,0,0,0,0,0,0,0,0,0,0,0,0,0,0,0,0,0,0,0,0,0,0,0,0,0,0,0,0,0,0,0,0,0,0,0,2,0,0,0,0,0,0,0,0,0,0,0,0,0,0,0,0,0,0,0,0,0,0,0,0,0,0,0,0,0,0,0,0,0,0,0,0,0,0,0,0,0,0,0,0,0,0,0,0,0,0,0,0,0,0,0,0,0,0,0,0,0,0,0,0,0,0,0,0,0,0,0,0,0,0,0,0,0,0,0,0,0,0,0,0,0,0,0,0,0,0,0,0,0,0,0,0,0,0,0,0,0,0,0,0,0,0,0,0,0,0,0,0,0,0,0,0,0,0,0,0,0,0,0,0,0,0,0,0,0,0,0,0,0,0,2,0,0,0,0,0,0,0,0,0,0,0,0,0,0,25,0,0,0,0,0,27,0,0,0,0,0,0,0,83,0,0,0,0,0,0,0,226,0,0,0,0,0,0,0,0,0,0,0,0,31,0,0,0,0,0,0,0,0,0,0,0,0,0,0,0,0,0,7,0,0,0,0,33,0,417,0,0,0,681,0,0,102,0,11,0,27,0,178,0,8,497,423,0,117,245,109,0,90,69,52,110,11
"sfITS74","74",2019,"G",2,"grape","C","GC","LV",33,"100.7",0,0,0,0,0,0,0,0,0,0,0,0,0,0,0,0,0,0,0,0,0,0,0,0,0,0,0,0,0,0,0,0,0,0,0,0,0,0,0,0,0,0,0,0,0,0,0,0,0,0,0,0,0,0,0,0,0,0,0,0,0,0,0,0,0,0,0,0,0,0,0,0,0,0,0,0,0,0,0,0,0,0,0,0,0,0,0,0,0,0,0,0,0,0,0,0,0,0,0,0,0,0,0,0,0,0,0,0,0,0,0,0,0,0,0,0,0,0,0,0,0,0,0,0,0,0,0,0,0,0,0,0,0,0,0,0,0,0,0,0,0,0,0,0,0,0,0,0,0,0,0,0,0,0,0,0,0,0,0,0,0,0,0,0,0,0,0,0,0,0,3,0,9,0,0,0,12,0,0,0,0,4,0,2,0,0,0,16,0,0,0,0,0,0,0,0,0,0,0,0,0,0,0,0,0,0,0,0,0,0,0,0,0,0,0,0,0,0,0,0,0,0,0,0,0,0,0,0,0,0,0,0,0,0,0,0,0,0,0,0,0,0,0,0,0,0,8,0,0,0,0,0,0,0,0,0,0,0,0,0,0,0,0,0,32,0,0,0,21,0,0,0,0,0,0,0,131,0,0,0,0,0,50,0,0,22,6,298,0,0,2,281,0,30,111,0,0,136,62,0,453,0,813,60,0,0,445,369,30,0,3970,200,16,193,159
"sfITS76","76",2019,"G",4,"grape","C","noGC","MV",0,"84.9",0,0,0,0,0,0,0,0,0,0,0,0,0,2,0,0,0,0,0,0,0,0,0,0,0,0,0,0,0,0,0,0,0,0,0,0,0,0,0,0,0,0,0,0,0,0,0,0,0,0,0,0,0,2,0,0,0,0,0,0,0,0,0,0,0,0,0,0,0,0,0,0,0,0,0,0,0,0,0,0,0,0,0,0,0,0,0,0,0,0,0,0,0,0,0,0,0,0,0,0,0,0,0,0,0,0,0,0,0,0,0,0,0,0,0,0,0,0,0,0,0,0,0,0,0,0,0,0,0,0,0,0,0,0,0,0,0,0,0,0,0,0,0,0,0,0,0,0,0,0,0,5,0,0,0,0,0,0,0,0,0,0,0,0,0,0,0,0,8,7,0,0,0,0,0,0,0,0,0,0,0,0,18,0,0,0,0,0,0,0,0,0,0,0,0,0,0,0,0,0,0,0,0,0,0,0,0,0,0,0,0,0,4,91,0,0,0,4,0,0,0,0,0,0,0,0,0,0,0,0,0,0,0,5,0,4,0,0,0,0,0,0,0,0,0,0,0,0,0,0,0,0,0,0,0,7,6,0,6,0,0,0,13,0,0,10,0,0,0,0,2,0,0,73,4,110,0,0,91,0,0,0,0,0,0,0,5,0,0,17,2,0,60,0,48,0,15,2,126,0,13,0,10,98,140,263,0,164,15,0,199,0,85,266,59
"sfITS77","77",2019,"G",5,"grape","C","noGC","MV",33,"77.5",0,0,0,0,0,0,0,0,0,0,0,0,0,0,0,0,0,0,0,0,0,0,0,0,0,0,0,0,0,0,0,0,0,0,0,0,0,0,0,0,0,0,0,0,0,0,0,0,0,0,0,0,0,0,0,0,0,0,0,0,0,0,0,0,0,0,0,0,0,0,0,0,0,0,0,0,0,0,0,0,0,0,0,0,0,0,0,0,0,0,0,0,0,0,0,0,0,0,0,0,0,0,0,0,0,0,0,0,0,0,0,0,0,0,0,0,0,0,0,0,0,0,0,0,0,0,0,0,0,0,0,0,0,0,0,0,0,0,0,0,0,0,0,0,0,0,0,0,0,0,0,0,0,0,0,0,0,0,0,0,0,0,0,0,0,0,0,0,0,0,0,0,0,0,0,0,0,0,0,0,0,0,0,0,0,0,0,0,0,0,0,0,0,0,0,0,0,0,0,0,0,0,0,0,0,0,0,0,0,0,0,0,0,0,0,0,0,0,0,0,0,0,0,0,0,0,0,0,0,0,0,0,0,0,0,0,0,0,0,0,0,0,0,0,0,0,0,0,0,0,0,0,0,0,0,0,0,0,0,0,0,0,0,0,0,0,0,0,0,0,0,0,0,0,0,0,0,0,0,0,0,0,0,0,0,0,0,0,0,0,0,0,0,0,0,0,0,0,0,0,3006,0,0,0,0,0,0,0,0,9868,0,0,0,0,5426
"sfITS78","78",2019,"G",6,"grape","C","noGC","MV",66,"141.2",0,0,0,0,0,0,0,0,0,0,0,0,0,0,0,0,0,0,0,0,0,0,0,0,0,0,0,0,0,0,0,0,0,0,0,0,0,0,0,0,0,0,0,0,0,0,0,0,0,0,0,0,0,0,0,0,0,0,0,0,0,0,0,0,0,0,0,0,0,0,0,0,0,0,0,0,0,0,0,0,0,0,0,0,0,0,0,0,0,0,0,0,0,0,0,0,0,0,0,0,0,0,0,0,0,0,0,0,0,0,0,0,0,0,0,0,0,0,0,0,0,0,0,0,0,0,0,0,0,0,0,0,0,0,0,0,0,0,0,0,0,0,0,0,0,0,0,0,0,0,0,0,0,0,0,0,0,0,0,79,0,0,0,0,88,0,0,0,0,0,0,0,0,0,0,0,0,0,0,0,0,26,0,0,0,0,0,0,0,0,0,0,0,0,0,0,0,0,0,0,0,0,0,0,0,0,0,0,0,0,0,0,142,0,0,0,0,0,0,0,0,0,0,0,0,0,0,0,0,0,0,0,0,0,0,0,0,0,0,0,0,81,0,0,0,0,0,0,0,0,0,23,82,0,0,0,0,0,0,0,0,0,0,311,0,0,0,0,0,0,0,0,0,0,0,0,337,0,0,0,0,0,0,0,0,0,0,56,0,0,0,0,0,0,0,0,0,98,0,0,0,0,360,117,0,0,91,72,113,0,0,533,0,0,0
"sfITS79","79",2019,"G",7,"grape","C","GC","MV",0,"109.4",0,0,0,0,0,0,0,0,0,0,0,0,0,0,0,0,0,0,0,0,0,0,0,0,0,0,0,0,0,0,0,0,0,0,0,0,0,0,0,0,0,0,0,0,0,0,0,0,0,0,0,0,0,0,0,0,0,0,0,0,0,0,0,0,0,0,0,0,0,0,0,0,0,0,0,0,0,0,0,0,0,0,0,14,0,0,0,0,0,0,0,0,0,0,0,0,0,0,0,0,0,0,0,0,0,0,0,0,0,0,0,0,0,0,0,0,0,0,0,0,0,0,0,0,0,0,0,0,0,0,0,0,0,0,0,0,0,0,0,0,0,0,0,0,0,0,0,0,0,0,0,0,0,0,0,0,0,0,0,0,0,0,0,0,0,0,0,0,0,0,0,0,0,0,6,0,0,0,0,0,0,0,0,0,0,0,0,0,0,0,0,0,0,0,0,0,0,29,0,2,0,0,0,0,0,10,0,0,0,0,0,14,0,0,0,0,0,0,0,0,0,0,0,0,0,0,0,0,0,0,0,0,0,0,18,0,0,0,0,0,0,0,0,0,0,0,0,0,0,0,0,0,47,0,0,0,0,81,6,0,0,0,0,0,0,11,0,0,0,0,0,28,0,0,12,12,0,0,0,27,75,0,0,0,0,17,18,34,102,0,0,63,22,0,64,8,86,3,84,0,79,0,18,214,263,17,22,331,21,0,18,44,77,391,17
"sfITS80","80",2019,"G",8,"grape","C","GC","MV",33,"50.9",0,0,0,0,0,0,0,0,0,0,0,0,0,0,0,0,0,0,0,0,0,0,0,0,0,0,0,0,0,0,0,0,0,0,0,0,0,0,0,0,0,0,0,0,0,0,0,0,0,0,0,0,0,0,0,0,0,0,0,0,0,0,0,0,0,0,0,0,0,0,0,0,0,0,0,0,0,0,0,0,0,0,0,0,0,0,0,0,0,0,0,0,0,0,0,0,0,0,0,0,0,0,0,0,0,0,0,0,0,0,0,0,0,0,0,0,0,0,0,0,0,0,0,0,0,0,0,0,0,0,0,0,0,0,0,0,0,0,0,0,0,0,0,0,0,0,0,0,0,0,0,0,0,0,0,0,0,0,0,0,0,0,0,0,0,0,0,0,0,0,0,0,0,0,0,0,0,0,0,0,0,0,0,0,0,0,0,0,0,0,0,0,0,0,0,0,0,0,0,0,0,0,0,0,0,0,0,0,0,0,0,0,0,0,0,0,0,0,0,0,0,0,0,0,0,0,0,0,0,0,0,0,0,0,0,0,0,0,0,0,0,0,0,0,0,0,54,0,0,0,0,0,0,0,842,0,0,0,0,0,0,0,0,0,1064,0,0,0,0,0,0,748,0,0,0,0,503,0,0,0,0,2806,0,0,0,0,0,789,0,0,0,855,0,1747,0,0,0,2614,0,0,0,0,0,633,590,0,0,0,0,0,4495,3724,0,2246,0
"sfITS81","81",2019,"G",9,"grape","C","GC","MV",66,"97.3",0,0,0,0,0,0,0,0,0,0,0,0,0,0,0,0,0,0,2,0,0,0,0,0,0,0,0,0,0,0,0,0,0,0,0,0,0,0,0,0,0,0,0,0,0,0,0,0,0,0,0,0,0,0,0,0,0,0,0,0,0,0,0,0,0,0,0,0,0,0,0,0,0,0,0,0,0,0,0,0,0,0,0,0,0,0,0,0,0,0,0,0,0,0,0,0,0,0,0,0,0,0,0,0,0,0,0,0,0,0,0,0,0,0,0,0,0,0,0,0,0,0,0,0,0,0,0,0,0,0,0,0,0,0,0,0,0,0,0,0,0,0,0,0,0,0,0,0,0,0,0,0,3,0,0,0,0,5,0,0,0,0,0,0,0,0,0,5,0,0,0,0,27,0,0,0,0,0,0,0,0,0,0,0,0,11,0,0,0,0,0,0,0,22,7,0,0,0,0,0,0,0,0,0,0,0,0,0,0,0,0,0,26,0,0,0,0,0,12,0,0,0,48,0,0,0,19,0,0,9,0,0,0,0,7,0,0,0,8,0,54,0,0,0,0,0,79,0,0,0,0,14,0,0,0,10,0,17,0,21,0,0,0,0,18,43,0,0,0,0,0,0,0,37,0,19,531,0,0,8,0,0,31,0,0,77,0,144,0,0,10,84,10,142,37,0,0,227,333,0,385,0,834,243,17,76,328,914,228,0,964,161,73,1684,251
"sfITS82","82",2019,"G",10,"grape","C","noGC","LV",0,"94",0,0,0,0,0,0,0,0,0,0,0,0,0,0,0,0,0,0,0,0,0,0,0,0,0,0,0,0,0,0,5,0,0,0,0,0,0,6,0,0,0,0,0,0,0,0,0,0,8,8,0,0,0,0,0,2,0,0,0,0,0,0,0,0,0,0,0,0,0,0,0,0,0,0,0,0,9,0,13,0,0,0,0,0,0,0,0,0,0,0,0,0,0,0,0,0,0,0,0,0,0,0,0,0,0,0,0,0,0,0,0,24,9,0,0,0,0,0,0,0,0,24,0,0,0,0,0,22,0,0,0,0,0,6,0,0,0,0,0,0,0,0,0,0,0,18,0,0,7,0,0,10,31,0,0,0,0,5,0,0,0,0,0,93,0,0,0,0,0,55,0,0,0,0,9,0,54,0,0,0,0,0,0,0,117,0,0,0,0,0,8,0,0,0,0,11,0,48,0,74,0,0,0,0,43,112,0,0,0,15,0,0,0,12,0,0,0,0,0,0,119,0,0,0,0,0,0,0,0,24,0,0,0,64,129,5,0,446,0,46,0,10,0,46,576,0,0,0,0,0,0,0,0,7,0,37,8,0,226,33,0,0,570,0,0,0,70,0,25,21,15,0,0,39,59,24,0,4,95,35,635,0,0,0,0,114,0,2798,856,180,0,4670,18,0,1171,106,145,126,299,7,258,0,210,4178,5139,281,0,2377,917,0,2470,502,388,5527,1163
"sfITS83","83",2019,"G",11,"grape","C","noGC","LV",33,"74.7",0,0,0,0,0,0,0,0,0,0,0,0,0,0,0,0,0,0,0,0,0,0,0,0,0,0,0,0,0,0,0,0,0,0,0,0,0,0,0,0,0,0,0,0,0,0,0,0,0,0,0,0,0,0,0,0,0,0,0,0,0,0,0,0,0,0,0,0,0,0,0,0,0,0,0,0,0,0,0,0,0,0,0,0,0,0,0,0,0,0,0,0,0,0,0,0,0,0,0,0,0,0,0,0,0,0,0,0,0,0,0,0,0,0,0,0,0,0,0,0,0,0,0,0,0,0,0,0,0,0,0,0,0,0,0,0,0,0,0,0,0,0,0,0,0,0,0,0,0,0,0,0,0,0,0,0,0,0,0,0,81,0,0,0,0,0,0,0,0,0,0,0,0,97,0,0,0,0,0,0,0,0,0,0,0,0,0,0,0,0,0,0,0,0,0,0,0,0,111,0,0,0,0,0,0,0,0,0,0,0,0,0,0,0,0,0,0,0,0,198,0,0,0,0,0,0,0,0,0,0,0,0,448,0,0,0,0,0,0,0,0,0,0,0,0,0,0,0,0,0,0,0,192,0,0,0,0,0,0,0,0,0,0,0,0,0,0,0,0,0,0,0,0,0,0,0,0,0,375,0,0,0,0,0,0,0,0,96,0,0,0,0,0,0,12,517,0,497,0,0,0,0,0,0,0,0,0,408,1850,404,790,1464,0,0,6139
"sfITS84","84",2019,"G",12,"grape","C","noGC","LV",66,"150.5",0,0,0,0,0,0,0,0,0,0,0,0,0,0,0,0,0,0,0,0,0,0,0,0,0,0,0,0,0,0,0,0,0,0,0,0,0,0,0,0,0,0,0,0,0,0,0,0,0,0,0,0,0,0,0,0,0,0,0,0,0,0,0,0,0,0,0,0,0,0,0,0,0,0,0,0,0,0,0,0,0,0,0,0,0,0,0,0,0,0,0,0,0,0,0,0,0,0,0,0,0,0,0,0,0,0,0,0,0,0,0,0,0,0,0,0,0,0,0,0,0,0,0,0,0,0,0,0,0,0,0,0,0,0,0,0,0,0,0,0,0,0,0,0,0,0,0,0,0,18,0,0,0,0,0,0,0,0,0,0,0,0,0,0,0,0,0,76,0,0,0,0,0,0,0,0,0,0,0,0,0,0,0,0,0,0,0,129,0,0,0,0,0,0,0,0,0,0,0,0,0,0,0,0,154,0,0,0,0,0,0,0,0,0,0,0,0,0,0,0,0,0,0,0,0,0,272,0,0,307,0,0,0,0,0,0,154,0,0,0,0,0,0,309,0,0,33,0,0,0,0,0,0,0,0,0,0,0,0,288,0,0,81,0,0,510,0,291,0,0,0,0,0,0,0,218,747,0,433,0,0,0,246,0,0,0,0,1046,0,0,0,129,136,0,1101,0,0,782,247,0,500,0,761,356,0,0,0,485,2399,0,1491,2880,100,2950,349
